Handle,Title,Body (HTML),Vendor,Product Category,Type,Tags,Published,Option1 Name,Option1 Value,Option2 Name,Option2 Value,Option3 Name,Option3 Value,Variant SKU,Variant Grams,Variant Inventory Tracker,Variant Inventory Qty,Variant Inventory Policy,Variant Fulfillment Service,Variant Price,Variant Compare At Price,Variant Requires Shipping,Variant Taxable,Variant Barcode,Image Src,Image Position,Image Alt Text,Gift Card,SEO Title,SEO Description,Status
custom-celebration-design-package,Custom Celebration Design Package,"<p>Two ways to level up your celebration. The PREMIUM SUITE adds a coordinated set of statement pieces on top of your party - think a custom shirt, a welcome sign, and treat-table accents that tie the whole theme together. The FULL PARTY EXPERIENCE is the party: banners, backdrops, signage, favors, stickers, and keepsakes - the entire array, designed from a blank page as one cohesive world built around your story.</p><p><em>Picture the room, hear the gasps, feel the moment land - we design every touchpoint to hit.</em></p>",Color Create Studio,,Bundle,"celebration, event, package, custom, suite, Custom Celebration Design, Bundle",FALSE,Package,Premium Suite - Party Accents,,,,,CUSTOMCELEBRAT-01,400,,,continue,manual,295.00,,TRUE,TRUE,,,,,FALSE,Custom Celebration Design Package | Color Create Studio,,draft
custom-celebration-design-package,,,,,,,FALSE,Package,Full Party Experience - The Works,,,,,CUSTOMCELEBRAT-02,1200,,,continue,manual,750.00,,TRUE,TRUE,,,,,FALSE,,,draft
custom-birthday-shirt,Custom Birthday Shirt,"<p>A birthday shirt that turns heads and tells your story. Custom-built around your names, colors, and theme - with meaning worked into every element, not pulled off a template. Printed on premium DTF for full-color, crack-resistant results.</p><p><em>Bold visuals that pop in photos, a message people read out loud, a design you feel proud to wear.</em></p>",Color Create Studio,,Custom Design Service,"shirt, apparel, birthday, custom, dtf, Custom Celebration Design, Custom Design Service",FALSE,Format,Design File Only,,,,,CUSTOMBIRTHDAY-01,0,,,continue,manual,35.00,,FALSE,TRUE,,,,,FALSE,Custom Birthday Shirt | Color Create Studio,,draft
custom-birthday-shirt,,,,,,,FALSE,Format,Print + Ship,,,,,CUSTOMBIRTHDAY-02,200,,,continue,manual,60.00,,TRUE,TRUE,,,,,FALSE,,,draft
custom-memorial-shirt,Custom Memorial Shirt,"<p>A memorial shirt that turns heads and tells your story. Custom-built around your names, colors, and theme - with meaning worked into every element, not pulled off a template. Printed on premium DTF for full-color, crack-resistant results.</p><p><em>Bold visuals that pop in photos, a message people read out loud, a design you feel proud to wear.</em></p>",Color Create Studio,,Custom Design Service,"shirt, apparel, memorial, custom, dtf, Custom Celebration Design, Custom Design Service",FALSE,Format,Design File Only,,,,,CUSTOMMEMORIAL-01,0,,,continue,manual,35.00,,FALSE,TRUE,,,,,FALSE,Custom Memorial Shirt | Color Create Studio,,draft
custom-memorial-shirt,,,,,,,FALSE,Format,Print + Ship,,,,,CUSTOMMEMORIAL-02,200,,,continue,manual,60.00,,TRUE,TRUE,,,,,FALSE,,,draft
custom-graduation-shirt,Custom Graduation Shirt,"<p>A graduation shirt that turns heads and tells your story. Custom-built around your names, colors, and theme - with meaning worked into every element, not pulled off a template. Printed on premium DTF for full-color, crack-resistant results.</p><p><em>Bold visuals that pop in photos, a message people read out loud, a design you feel proud to wear.</em></p>",Color Create Studio,,Custom Design Service,"shirt, apparel, graduation, custom, dtf, Custom Celebration Design, Custom Design Service",FALSE,Format,Design File Only,,,,,CUSTOMGRADUATI-01,0,,,continue,manual,35.00,,FALSE,TRUE,,,,,FALSE,Custom Graduation Shirt | Color Create Studio,,draft
custom-graduation-shirt,,,,,,,FALSE,Format,Print + Ship,,,,,CUSTOMGRADUATI-02,200,,,continue,manual,60.00,,TRUE,TRUE,,,,,FALSE,,,draft
custom-family-reunion-shirt,Custom Family Reunion Shirt,"<p>A family reunion shirt that turns heads and tells your story. Custom-built around your names, colors, and theme - with meaning worked into every element, not pulled off a template. Printed on premium DTF for full-color, crack-resistant results.</p><p><em>Bold visuals that pop in photos, a message people read out loud, a design you feel proud to wear.</em></p>",Color Create Studio,,Custom Design Service,"shirt, apparel, family reunion, custom, dtf, Custom Celebration Design, Custom Design Service",FALSE,Format,Design File Only,,,,,CUSTOMFAMILYRE-01,0,,,continue,manual,35.00,,FALSE,TRUE,,,,,FALSE,Custom Family Reunion Shirt | Color Create Studio,,draft
custom-family-reunion-shirt,,,,,,,FALSE,Format,Print + Ship,,,,,CUSTOMFAMILYRE-02,200,,,continue,manual,60.00,,TRUE,TRUE,,,,,FALSE,,,draft
custom-baby-shower-shirt,Custom Baby Shower Shirt,"<p>A baby shower shirt that turns heads and tells your story. Custom-built around your names, colors, and theme - with meaning worked into every element, not pulled off a template. Printed on premium DTF for full-color, crack-resistant results.</p><p><em>Bold visuals that pop in photos, a message people read out loud, a design you feel proud to wear.</em></p>",Color Create Studio,,Custom Design Service,"shirt, apparel, baby shower, custom, dtf, Custom Celebration Design, Custom Design Service",FALSE,Format,Design File Only,,,,,CUSTOMBABYSHOW-01,0,,,continue,manual,35.00,,FALSE,TRUE,,,,,FALSE,Custom Baby Shower Shirt | Color Create Studio,,draft
custom-baby-shower-shirt,,,,,,,FALSE,Format,Print + Ship,,,,,CUSTOMBABYSHOW-02,200,,,continue,manual,60.00,,TRUE,TRUE,,,,,FALSE,,,draft
custom-couple-matching-family-shirt,Custom Couple / Matching Family Shirt,"<p>A matching shirt that turns heads and tells your story. Custom-built around your names, colors, and theme - with meaning worked into every element, not pulled off a template. Printed on premium DTF for full-color, crack-resistant results.</p><p><em>Bold visuals that pop in photos, a message people read out loud, a design you feel proud to wear.</em></p>",Color Create Studio,,Custom Design Service,"shirt, apparel, matching, custom, dtf, Custom Celebration Design, Custom Design Service",FALSE,Format,Design File Only,,,,,CUSTOMCOUPLEMA-01,0,,,continue,manual,35.00,,FALSE,TRUE,,,,,FALSE,Custom Couple / Matching Family Shirt | Color Create Studio,,draft
custom-couple-matching-family-shirt,,,,,,,FALSE,Format,Print + Ship,,,,,CUSTOMCOUPLEMA-02,200,,,continue,manual,60.00,,TRUE,TRUE,,,,,FALSE,,,draft
custom-business-promo-shirt,Custom Business Promo Shirt,"<p>A business shirt that turns heads and tells your story. Custom-built around your names, colors, and theme - with meaning worked into every element, not pulled off a template. Printed on premium DTF for full-color, crack-resistant results.</p><p><em>Bold visuals that pop in photos, a message people read out loud, a design you feel proud to wear.</em></p>",Color Create Studio,,Custom Design Service,"shirt, apparel, business, custom, dtf, Custom Celebration Design, Custom Design Service",FALSE,Format,Design File Only,,,,,CUSTOMBUSINESS-01,0,,,continue,manual,35.00,,FALSE,TRUE,,,,,FALSE,Custom Business Promo Shirt | Color Create Studio,,draft
custom-business-promo-shirt,,,,,,,FALSE,Format,Print + Ship,,,,,CUSTOMBUSINESS-02,200,,,continue,manual,60.00,,TRUE,TRUE,,,,,FALSE,,,draft
custom-event-merch-shirt,Custom Event Merch Shirt,"<p>A event merch shirt that turns heads and tells your story. Custom-built around your names, colors, and theme - with meaning worked into every element, not pulled off a template. Printed on premium DTF for full-color, crack-resistant results.</p><p><em>Bold visuals that pop in photos, a message people read out loud, a design you feel proud to wear.</em></p>",Color Create Studio,,Custom Design Service,"shirt, apparel, event merch, custom, dtf, Custom Celebration Design, Custom Design Service",FALSE,Format,Design File Only,,,,,CUSTOMEVENTMER-01,0,,,continue,manual,35.00,,FALSE,TRUE,,,,,FALSE,Custom Event Merch Shirt | Color Create Studio,,draft
custom-event-merch-shirt,,,,,,,FALSE,Format,Print + Ship,,,,,CUSTOMEVENTMER-02,200,,,continue,manual,60.00,,TRUE,TRUE,,,,,FALSE,,,draft
custom-group-trip-shirt,Custom Group Trip Shirt,"<p>A group trip shirt that turns heads and tells your story. Custom-built around your names, colors, and theme - with meaning worked into every element, not pulled off a template. Printed on premium DTF for full-color, crack-resistant results.</p><p><em>Bold visuals that pop in photos, a message people read out loud, a design you feel proud to wear.</em></p>",Color Create Studio,,Custom Design Service,"shirt, apparel, group trip, custom, dtf, Custom Celebration Design, Custom Design Service",FALSE,Format,Design File Only,,,,,CUSTOMGROUPTRI-01,0,,,continue,manual,35.00,,FALSE,TRUE,,,,,FALSE,Custom Group Trip Shirt | Color Create Studio,,draft
custom-group-trip-shirt,,,,,,,FALSE,Format,Print + Ship,,,,,CUSTOMGROUPTRI-02,200,,,continue,manual,60.00,,TRUE,TRUE,,,,,FALSE,,,draft
custom-kids-birthday-shirt,Custom Kids Birthday Shirt,"<p>A kids birthday shirt that turns heads and tells your story. Custom-built around your names, colors, and theme - with meaning worked into every element, not pulled off a template. Printed on premium DTF for full-color, crack-resistant results.</p><p><em>Bold visuals that pop in photos, a message people read out loud, a design you feel proud to wear.</em></p>",Color Create Studio,,Custom Design Service,"shirt, apparel, kids birthday, custom, dtf, Custom Celebration Design, Custom Design Service",FALSE,Format,Design File Only,,,,,CUSTOMKIDSBIRT-01,0,,,continue,manual,35.00,,FALSE,TRUE,,,,,FALSE,Custom Kids Birthday Shirt | Color Create Studio,,draft
custom-kids-birthday-shirt,,,,,,,FALSE,Format,Print + Ship,,,,,CUSTOMKIDSBIRT-02,200,,,continue,manual,60.00,,TRUE,TRUE,,,,,FALSE,,,draft
custom-cancer-survivor-shirt,Custom Cancer Survivor Celebration Shirt,"<p>A survivor shirt that turns heads and tells your story. Custom-built around your names, colors, and theme - with meaning worked into every element, not pulled off a template. Printed on premium DTF for full-color, crack-resistant results.</p><p><em>Bold visuals that pop in photos, a message people read out loud, a design you feel proud to wear.</em></p>",Color Create Studio,,Custom Design Service,"shirt, apparel, survivor, custom, dtf, Custom Celebration Design, Custom Design Service",FALSE,Format,Design File Only,,,,,CUSTOMCANCERSU-01,0,,,continue,manual,35.00,,FALSE,TRUE,,,,,FALSE,Custom Cancer Survivor Celebration Shirt | Color Create Studio,,draft
custom-cancer-survivor-shirt,,,,,,,FALSE,Format,Print + Ship,,,,,CUSTOMCANCERSU-02,200,,,continue,manual,60.00,,TRUE,TRUE,,,,,FALSE,,,draft
custom-photo-collage-shirt,Custom Photo Collage Shirt,"<p>A photo collage shirt that turns heads and tells your story. Custom-built around your names, colors, and theme - with meaning worked into every element, not pulled off a template. Printed on premium DTF for full-color, crack-resistant results.</p><p><em>Bold visuals that pop in photos, a message people read out loud, a design you feel proud to wear.</em></p>",Color Create Studio,,Custom Design Service,"shirt, apparel, photo collage, custom, dtf, Custom Celebration Design, Custom Design Service",FALSE,Format,Design File Only,,,,,CUSTOMPHOTOCOL-01,0,,,continue,manual,35.00,,FALSE,TRUE,,,,,FALSE,Custom Photo Collage Shirt | Color Create Studio,,draft
custom-photo-collage-shirt,,,,,,,FALSE,Format,Print + Ship,,,,,CUSTOMPHOTOCOL-02,200,,,continue,manual,60.00,,TRUE,TRUE,,,,,FALSE,,,draft
custom-shirt-file-format,Custom DTF / Transfer-Ready Shirt File,"<p>Production-ready shirt artwork built to press. Get a full-color DTF/transfer-ready file - color-corrected and sized to go straight to production - or a layered vinyl-ready cut file. DTF is our go-to for vivid, durable, full-color prints.</p><p><em>Crisp edges your eyes love, a clean transfer you can feel, zero guesswork at the press.</em></p>",Color Create Studio,,Print-Ready File,"shirt, dtf, vinyl, transfer, file, Custom Celebration Design, Print-Ready File",FALSE,File Type,DTF / Full-Color Transfer File,,,,,CUSTOMSHIRTFIL-01,0,,,continue,manual,38.00,,FALSE,TRUE,,,,,FALSE,Custom DTF / Transfer-Ready Shirt File | Color Create Studio,,draft
custom-shirt-file-format,,,,,,,FALSE,File Type,Vinyl-Ready Cut File,,,,,CUSTOMSHIRTFIL-02,0,,,continue,manual,38.00,,FALSE,TRUE,,,,,FALSE,,,draft
custom-apparel-design-consultation,Custom Apparel Design Consultation,"<p>Not sure where to start? Book a focused session and we map your concept, colors, placement, and production plan before a single pixel is drawn.</p>",Color Create Studio,,Consultation,"consultation, apparel, strategy, Custom Celebration Design, Consultation",FALSE,Session,30 Minutes,,,,,CUSTOMAPPARELD-01,0,,,continue,manual,65.00,,FALSE,TRUE,,,,,FALSE,Custom Apparel Design Consultation | Color Create Studio,,draft
custom-invitation-design,Custom Invitation Design,"<p>A first impression people screenshot. A custom invite designed around your theme, colors, and wording.</p><p><em>Vivid color that reads across the room, wording that sounds great out loud, details guests reach out to touch.</em></p>",Color Create Studio,,Custom Design Service,"event, graphics, invitation, custom, Custom Event Graphics, Custom Design Service",FALSE,Service Level,Studio Template Edit - Digital (24-hr),,,,,CUSTOMINVITATI-01,0,,,continue,manual,22.00,,FALSE,TRUE,,,,,FALSE,Custom Invitation Design | Color Create Studio,,draft
custom-invitation-design,,,,,,,FALSE,Service Level,Bespoke Custom Design - Digital,,,,,CUSTOMINVITATI-02,0,,,continue,manual,45.00,,FALSE,TRUE,,,,,FALSE,,,draft
custom-invitation-design,,,,,,,FALSE,Service Level,Bespoke Custom Design - Print + Ship,,,,,CUSTOMINVITATI-03,150,,,continue,manual,62.00,,TRUE,TRUE,,,,,FALSE,,,draft
custom-birthday-invitation,Custom Birthday Invitation,"<p>Set the whole vibe before the party starts with a birthday invite that matches your theme perfectly.</p><p><em>Vivid color that reads across the room, wording that sounds great out loud, details guests reach out to touch.</em></p>",Color Create Studio,,Custom Design Service,"event, graphics, birthday invitation, custom, Custom Event Graphics, Custom Design Service",FALSE,Service Level,Studio Template Edit - Digital (24-hr),,,,,CUSTOMBIRTHDAY-01X,0,,,continue,manual,22.00,,FALSE,TRUE,,,,,FALSE,Custom Birthday Invitation | Color Create Studio,,draft
custom-birthday-invitation,,,,,,,FALSE,Service Level,Bespoke Custom Design - Digital,,,,,CUSTOMBIRTHDAY-02X,0,,,continue,manual,45.00,,FALSE,TRUE,,,,,FALSE,,,draft
custom-birthday-invitation,,,,,,,FALSE,Service Level,Bespoke Custom Design - Print + Ship,,,,,CUSTOMBIRTHDAY-03,150,,,continue,manual,62.00,,TRUE,TRUE,,,,,FALSE,,,draft
custom-baby-shower-invitation,Custom Baby Shower Invitation,"<p>Soft, sweet, and unmistakably yours - a baby shower invite that feels like a warm hug.</p><p><em>Vivid color that reads across the room, wording that sounds great out loud, details guests reach out to touch.</em></p>",Color Create Studio,,Custom Design Service,"event, graphics, baby shower invitation, custom, Custom Event Graphics, Custom Design Service",FALSE,Service Level,Studio Template Edit - Digital (24-hr),,,,,CUSTOMBABYSHOW-01X,0,,,continue,manual,22.00,,FALSE,TRUE,,,,,FALSE,Custom Baby Shower Invitation | Color Create Studio,,draft
custom-baby-shower-invitation,,,,,,,FALSE,Service Level,Bespoke Custom Design - Digital,,,,,CUSTOMBABYSHOW-02X,0,,,continue,manual,45.00,,FALSE,TRUE,,,,,FALSE,,,draft
custom-baby-shower-invitation,,,,,,,FALSE,Service Level,Bespoke Custom Design - Print + Ship,,,,,CUSTOMBABYSHOW-03,150,,,continue,manual,62.00,,TRUE,TRUE,,,,,FALSE,,,draft
custom-graduation-invitation,Custom Graduation Invitation,"<p>Celebrate the milestone in style with a polished, photo-ready graduation invite.</p><p><em>Vivid color that reads across the room, wording that sounds great out loud, details guests reach out to touch.</em></p>",Color Create Studio,,Custom Design Service,"event, graphics, graduation invitation, custom, Custom Event Graphics, Custom Design Service",FALSE,Service Level,Studio Template Edit - Digital (24-hr),,,,,CUSTOMGRADUATI-01X,0,,,continue,manual,22.00,,FALSE,TRUE,,,,,FALSE,Custom Graduation Invitation | Color Create Studio,,draft
custom-graduation-invitation,,,,,,,FALSE,Service Level,Bespoke Custom Design - Digital,,,,,CUSTOMGRADUATI-02X,0,,,continue,manual,45.00,,FALSE,TRUE,,,,,FALSE,,,draft
custom-graduation-invitation,,,,,,,FALSE,Service Level,Bespoke Custom Design - Print + Ship,,,,,CUSTOMGRADUATI-03,150,,,continue,manual,62.00,,TRUE,TRUE,,,,,FALSE,,,draft
custom-memorial-invitation,Custom Memorial / Celebration of Life Invitation,"<p>A graceful, dignified invitation that honors a life with warmth and respect.</p><p><em>Vivid color that reads across the room, wording that sounds great out loud, details guests reach out to touch.</em></p>",Color Create Studio,,Custom Design Service,"event, graphics, memorial invitation, custom, Custom Event Graphics, Custom Design Service",FALSE,Service Level,Studio Template Edit - Digital (24-hr),,,,,CUSTOMMEMORIAL-01X,0,,,continue,manual,22.00,,FALSE,TRUE,,,,,FALSE,Custom Memorial / Celebration of Life Invitation | Color Create Studio,,draft
custom-memorial-invitation,,,,,,,FALSE,Service Level,Bespoke Custom Design - Digital,,,,,CUSTOMMEMORIAL-02X,0,,,continue,manual,45.00,,FALSE,TRUE,,,,,FALSE,,,draft
custom-memorial-invitation,,,,,,,FALSE,Service Level,Bespoke Custom Design - Print + Ship,,,,,CUSTOMMEMORIAL-03,150,,,continue,manual,62.00,,TRUE,TRUE,,,,,FALSE,,,draft
custom-digital-party-flyer,Custom Digital Party Flyer,"<p>A scroll-stopping flyer built to share, save, and fill your guest list.</p><p><em>Vivid color that reads across the room, wording that sounds great out loud, details guests reach out to touch.</em></p>",Color Create Studio,,Custom Design Service,"event, graphics, party flyer, custom, Custom Event Graphics, Custom Design Service",FALSE,Service Level,Studio Template Edit - Digital (24-hr),,,,,CUSTOMDIGITALP-01,0,,,continue,manual,22.00,,FALSE,TRUE,,,,,FALSE,Custom Digital Party Flyer | Color Create Studio,,draft
custom-digital-party-flyer,,,,,,,FALSE,Service Level,Bespoke Custom Design - Digital,,,,,CUSTOMDIGITALP-02,0,,,continue,manual,45.00,,FALSE,TRUE,,,,,FALSE,,,draft
custom-digital-party-flyer,,,,,,,FALSE,Service Level,Bespoke Custom Design - Print + Ship,,,,,CUSTOMDIGITALP-03,150,,,continue,manual,62.00,,TRUE,TRUE,,,,,FALSE,,,draft
custom-business-event-flyer,Custom Business Event Flyer,"<p>Promote your event like a pro with a flyer that looks expensive and converts.</p><p><em>Vivid color that reads across the room, wording that sounds great out loud, details guests reach out to touch.</em></p>",Color Create Studio,,Custom Design Service,"event, graphics, business flyer, custom, Custom Event Graphics, Custom Design Service",FALSE,Service Level,Studio Template Edit - Digital (24-hr),,,,,CUSTOMBUSINESS-01X,0,,,continue,manual,22.00,,FALSE,TRUE,,,,,FALSE,Custom Business Event Flyer | Color Create Studio,,draft
custom-business-event-flyer,,,,,,,FALSE,Service Level,Bespoke Custom Design - Digital,,,,,CUSTOMBUSINESS-02X,0,,,continue,manual,45.00,,FALSE,TRUE,,,,,FALSE,,,draft
custom-business-event-flyer,,,,,,,FALSE,Service Level,Bespoke Custom Design - Print + Ship,,,,,CUSTOMBUSINESS-03,150,,,continue,manual,62.00,,TRUE,TRUE,,,,,FALSE,,,draft
custom-social-event-announcement,Custom Social Media Event Announcement,"<p>A platform-ready announcement graphic sized for the feed and built to drive RSVPs.</p><p><em>Vivid color that reads across the room, wording that sounds great out loud, details guests reach out to touch.</em></p>",Color Create Studio,,Custom Design Service,"event, graphics, social announcement, custom, Custom Event Graphics, Custom Design Service",FALSE,Service Level,Studio Template Edit - Digital (24-hr),,,,,CUSTOMSOCIALEV-01,0,,,continue,manual,22.00,,FALSE,TRUE,,,,,FALSE,Custom Social Media Event Announcement | Color Create Studio,,draft
custom-social-event-announcement,,,,,,,FALSE,Service Level,Bespoke Custom Design - Digital,,,,,CUSTOMSOCIALEV-02,0,,,continue,manual,45.00,,FALSE,TRUE,,,,,FALSE,,,draft
custom-social-event-announcement,,,,,,,FALSE,Service Level,Bespoke Custom Design - Print + Ship,,,,,CUSTOMSOCIALEV-03,150,,,continue,manual,62.00,,TRUE,TRUE,,,,,FALSE,,,draft
custom-welcome-sign,Custom Welcome Sign Design,"<p>Greet every guest with a statement welcome sign that anchors your decor.</p><p><em>Vivid color that reads across the room, wording that sounds great out loud, details guests reach out to touch.</em></p>",Color Create Studio,,Custom Design Service,"event, graphics, welcome sign, custom, Custom Event Graphics, Custom Design Service",FALSE,Service Level,Studio Template Edit - Digital (24-hr),,,,,CUSTOMWELCOMES-01,0,,,continue,manual,22.00,,FALSE,TRUE,,,,,FALSE,Custom Welcome Sign Design | Color Create Studio,,draft
custom-welcome-sign,,,,,,,FALSE,Service Level,Bespoke Custom Design - Digital,,,,,CUSTOMWELCOMES-02,0,,,continue,manual,45.00,,FALSE,TRUE,,,,,FALSE,,,draft
custom-welcome-sign,,,,,,,FALSE,Service Level,Bespoke Custom Design - Print + Ship,,,,,CUSTOMWELCOMES-03,150,,,continue,manual,62.00,,TRUE,TRUE,,,,,FALSE,,,draft
custom-table-sign,Custom Table Sign Design,"<p>Tie the tablescape together with coordinated signage.</p><p><em>Vivid color that reads across the room, wording that sounds great out loud, details guests reach out to touch.</em></p>",Color Create Studio,,Custom Design Service,"event, graphics, table sign, custom, Custom Event Graphics, Custom Design Service",FALSE,Service Level,Studio Template Edit - Digital (24-hr),,,,,CUSTOMTABLESIG-01,0,,,continue,manual,22.00,,FALSE,TRUE,,,,,FALSE,Custom Table Sign Design | Color Create Studio,,draft
custom-table-sign,,,,,,,FALSE,Service Level,Bespoke Custom Design - Digital,,,,,CUSTOMTABLESIG-02,0,,,continue,manual,45.00,,FALSE,TRUE,,,,,FALSE,,,draft
custom-table-sign,,,,,,,FALSE,Service Level,Bespoke Custom Design - Print + Ship,,,,,CUSTOMTABLESIG-03,150,,,continue,manual,62.00,,TRUE,TRUE,,,,,FALSE,,,draft
custom-menu-card,Custom Menu Card Design,"<p>Elevated menu cards that make the spread feel like an event.</p><p><em>Vivid color that reads across the room, wording that sounds great out loud, details guests reach out to touch.</em></p>",Color Create Studio,,Custom Design Service,"event, graphics, menu card, custom, Custom Event Graphics, Custom Design Service",FALSE,Service Level,Studio Template Edit - Digital (24-hr),,,,,CUSTOMMENUCARD-01,0,,,continue,manual,22.00,,FALSE,TRUE,,,,,FALSE,Custom Menu Card Design | Color Create Studio,,draft
custom-menu-card,,,,,,,FALSE,Service Level,Bespoke Custom Design - Digital,,,,,CUSTOMMENUCARD-02,0,,,continue,manual,45.00,,FALSE,TRUE,,,,,FALSE,,,draft
custom-menu-card,,,,,,,FALSE,Service Level,Bespoke Custom Design - Print + Ship,,,,,CUSTOMMENUCARD-03,150,,,continue,manual,62.00,,TRUE,TRUE,,,,,FALSE,,,draft
custom-thank-you-card-event,Custom Thank-You Card Design,"<p>Send guests home remembered with a matching thank-you card.</p><p><em>Vivid color that reads across the room, wording that sounds great out loud, details guests reach out to touch.</em></p>",Color Create Studio,,Custom Design Service,"event, graphics, thank you card, custom, Custom Event Graphics, Custom Design Service",FALSE,Service Level,Studio Template Edit - Digital (24-hr),,,,,CUSTOMTHANKYOU-01,0,,,continue,manual,22.00,,FALSE,TRUE,,,,,FALSE,Custom Thank-You Card Design | Color Create Studio,,draft
custom-thank-you-card-event,,,,,,,FALSE,Service Level,Bespoke Custom Design - Digital,,,,,CUSTOMTHANKYOU-02,0,,,continue,manual,45.00,,FALSE,TRUE,,,,,FALSE,,,draft
custom-thank-you-card-event,,,,,,,FALSE,Service Level,Bespoke Custom Design - Print + Ship,,,,,CUSTOMTHANKYOU-03,150,,,continue,manual,62.00,,TRUE,TRUE,,,,,FALSE,,,draft
custom-itinerary-card,Custom Itinerary Card Design,"<p>Keep the day flowing with a beautiful at-a-glance itinerary.</p><p><em>Vivid color that reads across the room, wording that sounds great out loud, details guests reach out to touch.</em></p>",Color Create Studio,,Custom Design Service,"event, graphics, itinerary, custom, Custom Event Graphics, Custom Design Service",FALSE,Service Level,Studio Template Edit - Digital (24-hr),,,,,CUSTOMITINERAR-01,0,,,continue,manual,22.00,,FALSE,TRUE,,,,,FALSE,Custom Itinerary Card Design | Color Create Studio,,draft
custom-itinerary-card,,,,,,,FALSE,Service Level,Bespoke Custom Design - Digital,,,,,CUSTOMITINERAR-02,0,,,continue,manual,45.00,,FALSE,TRUE,,,,,FALSE,,,draft
custom-itinerary-card,,,,,,,FALSE,Service Level,Bespoke Custom Design - Print + Ship,,,,,CUSTOMITINERAR-03,150,,,continue,manual,62.00,,TRUE,TRUE,,,,,FALSE,,,draft
custom-party-game-card,Custom Party Game Card Design,"<p>Custom game cards that get the whole room laughing and playing.</p><p><em>Vivid color that reads across the room, wording that sounds great out loud, details guests reach out to touch.</em></p>",Color Create Studio,,Custom Design Service,"event, graphics, party game, custom, Custom Event Graphics, Custom Design Service",FALSE,Service Level,Studio Template Edit - Digital (24-hr),,,,,CUSTOMPARTYGAM-01,0,,,continue,manual,22.00,,FALSE,TRUE,,,,,FALSE,Custom Party Game Card Design | Color Create Studio,,draft
custom-party-game-card,,,,,,,FALSE,Service Level,Bespoke Custom Design - Digital,,,,,CUSTOMPARTYGAM-02,0,,,continue,manual,45.00,,FALSE,TRUE,,,,,FALSE,,,draft
custom-party-game-card,,,,,,,FALSE,Service Level,Bespoke Custom Design - Print + Ship,,,,,CUSTOMPARTYGAM-03,150,,,continue,manual,62.00,,TRUE,TRUE,,,,,FALSE,,,draft
custom-milestone-board,Custom Milestone Board Design,"<p>A keepsake board that tells the story from day one to today.</p><p><em>Vivid color that reads across the room, wording that sounds great out loud, details guests reach out to touch.</em></p>",Color Create Studio,,Custom Design Service,"event, graphics, milestone board, custom, Custom Event Graphics, Custom Design Service",FALSE,Service Level,Studio Template Edit - Digital (24-hr),,,,,CUSTOMMILESTON-01,0,,,continue,manual,22.00,,FALSE,TRUE,,,,,FALSE,Custom Milestone Board Design | Color Create Studio,,draft
custom-milestone-board,,,,,,,FALSE,Service Level,Bespoke Custom Design - Digital,,,,,CUSTOMMILESTON-02,0,,,continue,manual,45.00,,FALSE,TRUE,,,,,FALSE,,,draft
custom-milestone-board,,,,,,,FALSE,Service Level,Bespoke Custom Design - Print + Ship,,,,,CUSTOMMILESTON-03,150,,,continue,manual,62.00,,TRUE,TRUE,,,,,FALSE,,,draft
custom-birthday-board,Custom Birthday Board Design,"<p>A statement birthday board built for the photo wall.</p><p><em>Vivid color that reads across the room, wording that sounds great out loud, details guests reach out to touch.</em></p>",Color Create Studio,,Custom Design Service,"event, graphics, birthday board, custom, Custom Event Graphics, Custom Design Service",FALSE,Service Level,Studio Template Edit - Digital (24-hr),,,,,CUSTOMBIRTHDAY-01XX,0,,,continue,manual,22.00,,FALSE,TRUE,,,,,FALSE,Custom Birthday Board Design | Color Create Studio,,draft
custom-birthday-board,,,,,,,FALSE,Service Level,Bespoke Custom Design - Digital,,,,,CUSTOMBIRTHDAY-02XX,0,,,continue,manual,45.00,,FALSE,TRUE,,,,,FALSE,,,draft
custom-birthday-board,,,,,,,FALSE,Service Level,Bespoke Custom Design - Print + Ship,,,,,CUSTOMBIRTHDAY-03X,150,,,continue,manual,62.00,,TRUE,TRUE,,,,,FALSE,,,draft
custom-graduation-board,Custom Graduation Board Design,"<p>Showcase the journey with a proud, photo-ready graduation board.</p><p><em>Vivid color that reads across the room, wording that sounds great out loud, details guests reach out to touch.</em></p>",Color Create Studio,,Custom Design Service,"event, graphics, graduation board, custom, Custom Event Graphics, Custom Design Service",FALSE,Service Level,Studio Template Edit - Digital (24-hr),,,,,CUSTOMGRADUATI-01XX,0,,,continue,manual,22.00,,FALSE,TRUE,,,,,FALSE,Custom Graduation Board Design | Color Create Studio,,draft
custom-graduation-board,,,,,,,FALSE,Service Level,Bespoke Custom Design - Digital,,,,,CUSTOMGRADUATI-02XX,0,,,continue,manual,45.00,,FALSE,TRUE,,,,,FALSE,,,draft
custom-graduation-board,,,,,,,FALSE,Service Level,Bespoke Custom Design - Print + Ship,,,,,CUSTOMGRADUATI-03X,150,,,continue,manual,62.00,,TRUE,TRUE,,,,,FALSE,,,draft
custom-photo-collage-poster,Custom Photo Collage Poster,"<p>Your favorite memories, arranged into one striking poster.</p><p><em>Vivid color that reads across the room, wording that sounds great out loud, details guests reach out to touch.</em></p>",Color Create Studio,,Custom Design Service,"event, graphics, photo collage, custom, Custom Event Graphics, Custom Design Service",FALSE,Service Level,Studio Template Edit - Digital (24-hr),,,,,CUSTOMPHOTOCOL-01X,0,,,continue,manual,22.00,,FALSE,TRUE,,,,,FALSE,Custom Photo Collage Poster | Color Create Studio,,draft
custom-photo-collage-poster,,,,,,,FALSE,Service Level,Bespoke Custom Design - Digital,,,,,CUSTOMPHOTOCOL-02X,0,,,continue,manual,45.00,,FALSE,TRUE,,,,,FALSE,,,draft
custom-photo-collage-poster,,,,,,,FALSE,Service Level,Bespoke Custom Design - Print + Ship,,,,,CUSTOMPHOTOCOL-03,150,,,continue,manual,62.00,,TRUE,TRUE,,,,,FALSE,,,draft
custom-event-poster,Custom Event Poster,"<p>A bold, large-format poster that markets your event everywhere it hangs.</p><p><em>Vivid color that reads across the room, wording that sounds great out loud, details guests reach out to touch.</em></p>",Color Create Studio,,Custom Design Service,"event, graphics, event poster, custom, Custom Event Graphics, Custom Design Service",FALSE,Service Level,Studio Template Edit - Digital (24-hr),,,,,CUSTOMEVENTPOS-01,0,,,continue,manual,22.00,,FALSE,TRUE,,,,,FALSE,Custom Event Poster | Color Create Studio,,draft
custom-event-poster,,,,,,,FALSE,Service Level,Bespoke Custom Design - Digital,,,,,CUSTOMEVENTPOS-02,0,,,continue,manual,45.00,,FALSE,TRUE,,,,,FALSE,,,draft
custom-event-poster,,,,,,,FALSE,Service Level,Bespoke Custom Design - Print + Ship,,,,,CUSTOMEVENTPOS-03,150,,,continue,manual,62.00,,TRUE,TRUE,,,,,FALSE,,,draft
custom-digital-backdrop,Custom Digital Backdrop Design,"<p>A custom step-and-repeat or themed backdrop for an unforgettable photo moment.</p><p><em>Vivid color that reads across the room, wording that sounds great out loud, details guests reach out to touch.</em></p>",Color Create Studio,,Custom Design Service,"event, graphics, backdrop, custom, Custom Event Graphics, Custom Design Service",FALSE,Service Level,Studio Template Edit - Digital (24-hr),,,,,CUSTOMDIGITALB-01,0,,,continue,manual,22.00,,FALSE,TRUE,,,,,FALSE,Custom Digital Backdrop Design | Color Create Studio,,draft
custom-digital-backdrop,,,,,,,FALSE,Service Level,Bespoke Custom Design - Digital,,,,,CUSTOMDIGITALB-02,0,,,continue,manual,45.00,,FALSE,TRUE,,,,,FALSE,,,draft
custom-digital-backdrop,,,,,,,FALSE,Service Level,Bespoke Custom Design - Print + Ship,,,,,CUSTOMDIGITALB-03,150,,,continue,manual,62.00,,TRUE,TRUE,,,,,FALSE,,,draft
custom-printable-event-bundle,Custom Printable Event Bundle,"<p>Every printable your event needs in one coordinated, money-saving bundle - invites, signs, menus, favors, and more, all matching.</p><p><em>One cohesive look your guests see, talk about, and remember.</em></p>",Color Create Studio,,Bundle,"event, printable, bundle, Custom Event Graphics, Bundle",FALSE,Bundle,Full Event Set,,,,,CUSTOMPRINTABL-01,0,,,continue,manual,165.00,,FALSE,TRUE,,,,,FALSE,Custom Printable Event Bundle | Color Create Studio,,draft
custom-party-favor-design-package,Custom Party Favor Design Package,"<p>A fully matching set of favor designs - labels, wrappers, toppers, and tags - built around one theme so every little detail ties together.</p>",Color Create Studio,,Custom Design Service,"party favor, package, custom, Custom Party Favor Designs, Custom Design Service",FALSE,Package,Full Favor Suite,,,,,CUSTOMPARTYFAV-01,0,,,continue,manual,145.00,,FALSE,TRUE,,,,,FALSE,Custom Party Favor Design Package | Color Create Studio,,draft
custom-chip-bag-label,Custom Chip Bag Label Design,"<p>A chip bag design that makes the little things look high-end. Themed to match your party perfectly.</p><p><em>Tiny details with big visual punch - the touches guests pick up, read, and keep.</em></p>",Color Create Studio,,Custom Design Service,"party favor, chip bag, custom, Custom Party Favor Designs, Custom Design Service",FALSE,Service Level,Studio Template Edit - Digital (24-hr),,,,,CUSTOMCHIPBAGL-01,0,,,continue,manual,15.00,,FALSE,TRUE,,,,,FALSE,Custom Chip Bag Label Design | Color Create Studio,,draft
custom-chip-bag-label,,,,,,,FALSE,Service Level,Bespoke Custom Design - Digital,,,,,CUSTOMCHIPBAGL-02,0,,,continue,manual,30.00,,FALSE,TRUE,,,,,FALSE,,,draft
custom-chip-bag-label,,,,,,,FALSE,Service Level,Bespoke Custom Design - Print + Ship,,,,,CUSTOMCHIPBAGL-03,150,,,continue,manual,42.00,,TRUE,TRUE,,,,,FALSE,,,draft
custom-water-bottle-label,Custom Water Bottle Label Design,"<p>A water bottle label design that makes the little things look high-end. Themed to match your party perfectly.</p><p><em>Tiny details with big visual punch - the touches guests pick up, read, and keep.</em></p>",Color Create Studio,,Custom Design Service,"party favor, water bottle label, custom, Custom Party Favor Designs, Custom Design Service",FALSE,Service Level,Studio Template Edit - Digital (24-hr),,,,,CUSTOMWATERBOT-01,0,,,continue,manual,15.00,,FALSE,TRUE,,,,,FALSE,Custom Water Bottle Label Design | Color Create Studio,,draft
custom-water-bottle-label,,,,,,,FALSE,Service Level,Bespoke Custom Design - Digital,,,,,CUSTOMWATERBOT-02,0,,,continue,manual,30.00,,FALSE,TRUE,,,,,FALSE,,,draft
custom-water-bottle-label,,,,,,,FALSE,Service Level,Bespoke Custom Design - Print + Ship,,,,,CUSTOMWATERBOT-03,150,,,continue,manual,42.00,,TRUE,TRUE,,,,,FALSE,,,draft
custom-juice-pouch-label,Custom Juice Pouch Label Design,"<p>A juice pouch design that makes the little things look high-end. Themed to match your party perfectly.</p><p><em>Tiny details with big visual punch - the touches guests pick up, read, and keep.</em></p>",Color Create Studio,,Custom Design Service,"party favor, juice pouch, custom, Custom Party Favor Designs, Custom Design Service",FALSE,Service Level,Studio Template Edit - Digital (24-hr),,,,,CUSTOMJUICEPOU-01,0,,,continue,manual,15.00,,FALSE,TRUE,,,,,FALSE,Custom Juice Pouch Label Design | Color Create Studio,,draft
custom-juice-pouch-label,,,,,,,FALSE,Service Level,Bespoke Custom Design - Digital,,,,,CUSTOMJUICEPOU-02,0,,,continue,manual,30.00,,FALSE,TRUE,,,,,FALSE,,,draft
custom-juice-pouch-label,,,,,,,FALSE,Service Level,Bespoke Custom Design - Print + Ship,,,,,CUSTOMJUICEPOU-03,150,,,continue,manual,42.00,,TRUE,TRUE,,,,,FALSE,,,draft
custom-candy-bar-wrapper,Custom Candy Bar Wrapper Design,"<p>A candy wrapper design that makes the little things look high-end. Themed to match your party perfectly.</p><p><em>Tiny details with big visual punch - the touches guests pick up, read, and keep.</em></p>",Color Create Studio,,Custom Design Service,"party favor, candy wrapper, custom, Custom Party Favor Designs, Custom Design Service",FALSE,Service Level,Studio Template Edit - Digital (24-hr),,,,,CUSTOMCANDYBAR-01,0,,,continue,manual,15.00,,FALSE,TRUE,,,,,FALSE,Custom Candy Bar Wrapper Design | Color Create Studio,,draft
custom-candy-bar-wrapper,,,,,,,FALSE,Service Level,Bespoke Custom Design - Digital,,,,,CUSTOMCANDYBAR-02,0,,,continue,manual,30.00,,FALSE,TRUE,,,,,FALSE,,,draft
custom-candy-bar-wrapper,,,,,,,FALSE,Service Level,Bespoke Custom Design - Print + Ship,,,,,CUSTOMCANDYBAR-03,150,,,continue,manual,42.00,,TRUE,TRUE,,,,,FALSE,,,draft
custom-treat-bag-topper,Custom Treat Bag Topper Design,"<p>A treat bag topper design that makes the little things look high-end. Themed to match your party perfectly.</p><p><em>Tiny details with big visual punch - the touches guests pick up, read, and keep.</em></p>",Color Create Studio,,Custom Design Service,"party favor, treat bag topper, custom, Custom Party Favor Designs, Custom Design Service",FALSE,Service Level,Studio Template Edit - Digital (24-hr),,,,,CUSTOMTREATBAG-01,0,,,continue,manual,15.00,,FALSE,TRUE,,,,,FALSE,Custom Treat Bag Topper Design | Color Create Studio,,draft
custom-treat-bag-topper,,,,,,,FALSE,Service Level,Bespoke Custom Design - Digital,,,,,CUSTOMTREATBAG-02,0,,,continue,manual,30.00,,FALSE,TRUE,,,,,FALSE,,,draft
custom-treat-bag-topper,,,,,,,FALSE,Service Level,Bespoke Custom Design - Print + Ship,,,,,CUSTOMTREATBAG-03,150,,,continue,manual,42.00,,TRUE,TRUE,,,,,FALSE,,,draft
custom-favor-tag,Custom Favor Tag Design,"<p>A favor tag design that makes the little things look high-end. Themed to match your party perfectly.</p><p><em>Tiny details with big visual punch - the touches guests pick up, read, and keep.</em></p>",Color Create Studio,,Custom Design Service,"party favor, favor tag, custom, Custom Party Favor Designs, Custom Design Service",FALSE,Service Level,Studio Template Edit - Digital (24-hr),,,,,CUSTOMFAVORTAG-01,0,,,continue,manual,15.00,,FALSE,TRUE,,,,,FALSE,Custom Favor Tag Design | Color Create Studio,,draft
custom-favor-tag,,,,,,,FALSE,Service Level,Bespoke Custom Design - Digital,,,,,CUSTOMFAVORTAG-02,0,,,continue,manual,30.00,,FALSE,TRUE,,,,,FALSE,,,draft
custom-favor-tag,,,,,,,FALSE,Service Level,Bespoke Custom Design - Print + Ship,,,,,CUSTOMFAVORTAG-03,150,,,continue,manual,42.00,,TRUE,TRUE,,,,,FALSE,,,draft
custom-sticker-label,Custom Sticker Label Design,"<p>A sticker label design that makes the little things look high-end. Themed to match your party perfectly.</p><p><em>Tiny details with big visual punch - the touches guests pick up, read, and keep.</em></p>",Color Create Studio,,Custom Design Service,"party favor, sticker label, custom, Custom Party Favor Designs, Custom Design Service",FALSE,Service Level,Studio Template Edit - Digital (24-hr),,,,,CUSTOMSTICKERL-01,0,,,continue,manual,15.00,,FALSE,TRUE,,,,,FALSE,Custom Sticker Label Design | Color Create Studio,,draft
custom-sticker-label,,,,,,,FALSE,Service Level,Bespoke Custom Design - Digital,,,,,CUSTOMSTICKERL-02,0,,,continue,manual,30.00,,FALSE,TRUE,,,,,FALSE,,,draft
custom-sticker-label,,,,,,,FALSE,Service Level,Bespoke Custom Design - Print + Ship,,,,,CUSTOMSTICKERL-03,150,,,continue,manual,42.00,,TRUE,TRUE,,,,,FALSE,,,draft
custom-cake-topper,Custom Cake Topper Design,"<p>A cake topper design that makes the little things look high-end. Themed to match your party perfectly.</p><p><em>Tiny details with big visual punch - the touches guests pick up, read, and keep.</em></p>",Color Create Studio,,Custom Design Service,"party favor, cake topper, custom, Custom Party Favor Designs, Custom Design Service",FALSE,Service Level,Studio Template Edit - Digital (24-hr),,,,,CUSTOMCAKETOPP-01,0,,,continue,manual,15.00,,FALSE,TRUE,,,,,FALSE,Custom Cake Topper Design | Color Create Studio,,draft
custom-cake-topper,,,,,,,FALSE,Service Level,Bespoke Custom Design - Digital,,,,,CUSTOMCAKETOPP-02,0,,,continue,manual,30.00,,FALSE,TRUE,,,,,FALSE,,,draft
custom-cake-topper,,,,,,,FALSE,Service Level,Bespoke Custom Design - Print + Ship,,,,,CUSTOMCAKETOPP-03,150,,,continue,manual,42.00,,TRUE,TRUE,,,,,FALSE,,,draft
custom-cupcake-topper,Custom Cupcake Topper Design,"<p>A cupcake topper design that makes the little things look high-end. Themed to match your party perfectly.</p><p><em>Tiny details with big visual punch - the touches guests pick up, read, and keep.</em></p>",Color Create Studio,,Custom Design Service,"party favor, cupcake topper, custom, Custom Party Favor Designs, Custom Design Service",FALSE,Service Level,Studio Template Edit - Digital (24-hr),,,,,CUSTOMCUPCAKET-01,0,,,continue,manual,15.00,,FALSE,TRUE,,,,,FALSE,Custom Cupcake Topper Design | Color Create Studio,,draft
custom-cupcake-topper,,,,,,,FALSE,Service Level,Bespoke Custom Design - Digital,,,,,CUSTOMCUPCAKET-02,0,,,continue,manual,30.00,,FALSE,TRUE,,,,,FALSE,,,draft
custom-cupcake-topper,,,,,,,FALSE,Service Level,Bespoke Custom Design - Print + Ship,,,,,CUSTOMCUPCAKET-03,150,,,continue,manual,42.00,,TRUE,TRUE,,,,,FALSE,,,draft
custom-favor-box-label,Custom Favor Box Label Design,"<p>A favor box design that makes the little things look high-end. Themed to match your party perfectly.</p><p><em>Tiny details with big visual punch - the touches guests pick up, read, and keep.</em></p>",Color Create Studio,,Custom Design Service,"party favor, favor box, custom, Custom Party Favor Designs, Custom Design Service",FALSE,Service Level,Studio Template Edit - Digital (24-hr),,,,,CUSTOMFAVORBOX-01,0,,,continue,manual,15.00,,FALSE,TRUE,,,,,FALSE,Custom Favor Box Label Design | Color Create Studio,,draft
custom-favor-box-label,,,,,,,FALSE,Service Level,Bespoke Custom Design - Digital,,,,,CUSTOMFAVORBOX-02,0,,,continue,manual,30.00,,FALSE,TRUE,,,,,FALSE,,,draft
custom-favor-box-label,,,,,,,FALSE,Service Level,Bespoke Custom Design - Print + Ship,,,,,CUSTOMFAVORBOX-03,150,,,continue,manual,42.00,,TRUE,TRUE,,,,,FALSE,,,draft
custom-thank-you-sticker,Custom Thank-You Sticker Design,"<p>A thank you sticker design that makes the little things look high-end. Themed to match your party perfectly.</p><p><em>Tiny details with big visual punch - the touches guests pick up, read, and keep.</em></p>",Color Create Studio,,Custom Design Service,"party favor, thank you sticker, custom, Custom Party Favor Designs, Custom Design Service",FALSE,Service Level,Studio Template Edit - Digital (24-hr),,,,,CUSTOMTHANKYOU-01X,0,,,continue,manual,15.00,,FALSE,TRUE,,,,,FALSE,Custom Thank-You Sticker Design | Color Create Studio,,draft
custom-thank-you-sticker,,,,,,,FALSE,Service Level,Bespoke Custom Design - Digital,,,,,CUSTOMTHANKYOU-02X,0,,,continue,manual,30.00,,FALSE,TRUE,,,,,FALSE,,,draft
custom-thank-you-sticker,,,,,,,FALSE,Service Level,Bespoke Custom Design - Print + Ship,,,,,CUSTOMTHANKYOU-03X,150,,,continue,manual,42.00,,TRUE,TRUE,,,,,FALSE,,,draft
custom-party-activity-sheet,Custom Party Activity Sheet,<p>A themed activity sheet that keeps guests busy and entertained - personalized to your event.</p>,Color Create Studio,,Digital Download,"party, activity, Custom Party Favor Designs, Digital Download",FALSE,Delivery,Digital Download,,,,,CUSTOMPARTYACT-01,0,,,continue,manual,10.00,,FALSE,TRUE,,,,,FALSE,Custom Party Activity Sheet | Color Create Studio,,draft
custom-kids-party-coloring-page,Custom Kids Party Coloring Page,<p>A custom coloring page matched to your party theme - the easy win that keeps little hands happy.</p>,Color Create Studio,,Digital Download,"party, kids, coloring, Custom Party Favor Designs, Digital Download",FALSE,Delivery,Digital Download,,,,,CUSTOMKIDSPART-01,0,,,continue,manual,8.00,,FALSE,TRUE,,,,,FALSE,Custom Kids Party Coloring Page | Color Create Studio,,draft
custom-party-favor-assembly,Custom Party Favor Assembly Add-On,"<p>Let us assemble your favors for you - printed, cut, and put together so they arrive ready to hand out.</p>",Color Create Studio,,Add-On,"party favor, assembly, add-on, Custom Party Favor Designs, Add-On",FALSE,Add-On,Assembly Service,,,,,CUSTOMPARTYFAV-01X,100,,,continue,manual,35.00,,TRUE,TRUE,,,,,FALSE,Custom Party Favor Assembly Add-On | Color Create Studio,,draft
custom-full-party-favor-bundle,Custom Full Party Favor Bundle,"<p>Every favor design you need, bundled and discounted - all matching, all yours.</p>",Color Create Studio,,Bundle,"party favor, bundle, Custom Party Favor Designs, Bundle",FALSE,Bundle,Full Set,,,,,CUSTOMFULLPART-01,0,,,continue,manual,125.00,,FALSE,TRUE,,,,,FALSE,Custom Full Party Favor Bundle | Color Create Studio,,draft
custom-memorial-design-package,Custom Memorial Design Package,"<p>A complete, coordinated memorial suite handled with care - program, cards, signage, and keepsakes designed to honor a life beautifully.</p><p><em>Dignified imagery, words that comfort when read aloud, keepsakes loved ones can hold.</em></p>",Color Create Studio,,Custom Design Service,"memorial, tribute, package, Memorial & Tribute Design, Custom Design Service",FALSE,Package,Full Memorial Suite,,,,,CUSTOMMEMORIAL-01XX,0,,,continue,manual,285.00,,FALSE,TRUE,,,,,FALSE,Custom Memorial Design Package | Color Create Studio,,draft
memorial-shirt,Memorial Shirt Design,<p>A memorial shirt created with warmth and respect to honor your loved one and comfort everyone who gathers.</p>,Color Create Studio,,Custom Design Service,"memorial, tribute, memorial shirt, Memorial & Tribute Design, Custom Design Service",FALSE,Service Level,Studio Template Edit - Digital (24-hr),,,,,MEMORIALSHIRT-01,0,,,continue,manual,24.00,,FALSE,TRUE,,,,,FALSE,Memorial Shirt Design | Color Create Studio,,draft
memorial-shirt,,,,,,,FALSE,Service Level,Bespoke Custom Design - Digital,,,,,MEMORIALSHIRT-02,0,,,continue,manual,46.00,,FALSE,TRUE,,,,,FALSE,,,draft
memorial-shirt,,,,,,,FALSE,Service Level,Bespoke Custom Design - Print + Ship,,,,,MEMORIALSHIRT-03,150,,,continue,manual,62.00,,TRUE,TRUE,,,,,FALSE,,,draft
celebration-of-life-flyer,Celebration of Life Flyer,<p>A celebration of life created with warmth and respect to honor your loved one and comfort everyone who gathers.</p>,Color Create Studio,,Custom Design Service,"memorial, tribute, celebration of life, Memorial & Tribute Design, Custom Design Service",FALSE,Service Level,Studio Template Edit - Digital (24-hr),,,,,CELEBRATIONOFL-01,0,,,continue,manual,24.00,,FALSE,TRUE,,,,,FALSE,Celebration of Life Flyer | Color Create Studio,,draft
celebration-of-life-flyer,,,,,,,FALSE,Service Level,Bespoke Custom Design - Digital,,,,,CELEBRATIONOFL-02,0,,,continue,manual,46.00,,FALSE,TRUE,,,,,FALSE,,,draft
celebration-of-life-flyer,,,,,,,FALSE,Service Level,Bespoke Custom Design - Print + Ship,,,,,CELEBRATIONOFL-03,150,,,continue,manual,62.00,,TRUE,TRUE,,,,,FALSE,,,draft
memorial-program,Memorial Program Design,<p>A memorial program created with warmth and respect to honor your loved one and comfort everyone who gathers.</p>,Color Create Studio,,Custom Design Service,"memorial, tribute, memorial program, Memorial & Tribute Design, Custom Design Service",FALSE,Service Level,Studio Template Edit - Digital (24-hr),,,,,MEMORIALPROGRA-01,0,,,continue,manual,24.00,,FALSE,TRUE,,,,,FALSE,Memorial Program Design | Color Create Studio,,draft
memorial-program,,,,,,,FALSE,Service Level,Bespoke Custom Design - Digital,,,,,MEMORIALPROGRA-02,0,,,continue,manual,46.00,,FALSE,TRUE,,,,,FALSE,,,draft
memorial-program,,,,,,,FALSE,Service Level,Bespoke Custom Design - Print + Ship,,,,,MEMORIALPROGRA-03,150,,,continue,manual,62.00,,TRUE,TRUE,,,,,FALSE,,,draft
memorial-prayer-card,Memorial Prayer Card Design,<p>A prayer card created with warmth and respect to honor your loved one and comfort everyone who gathers.</p>,Color Create Studio,,Custom Design Service,"memorial, tribute, prayer card, Memorial & Tribute Design, Custom Design Service",FALSE,Service Level,Studio Template Edit - Digital (24-hr),,,,,MEMORIALPRAYER-01,0,,,continue,manual,24.00,,FALSE,TRUE,,,,,FALSE,Memorial Prayer Card Design | Color Create Studio,,draft
memorial-prayer-card,,,,,,,FALSE,Service Level,Bespoke Custom Design - Digital,,,,,MEMORIALPRAYER-02,0,,,continue,manual,46.00,,FALSE,TRUE,,,,,FALSE,,,draft
memorial-prayer-card,,,,,,,FALSE,Service Level,Bespoke Custom Design - Print + Ship,,,,,MEMORIALPRAYER-03,150,,,continue,manual,62.00,,TRUE,TRUE,,,,,FALSE,,,draft
memorial-thank-you-card,Memorial Thank-You Card Design,<p>A thank you card created with warmth and respect to honor your loved one and comfort everyone who gathers.</p>,Color Create Studio,,Custom Design Service,"memorial, tribute, thank you card, Memorial & Tribute Design, Custom Design Service",FALSE,Service Level,Studio Template Edit - Digital (24-hr),,,,,MEMORIALTHANKY-01,0,,,continue,manual,24.00,,FALSE,TRUE,,,,,FALSE,Memorial Thank-You Card Design | Color Create Studio,,draft
memorial-thank-you-card,,,,,,,FALSE,Service Level,Bespoke Custom Design - Digital,,,,,MEMORIALTHANKY-02,0,,,continue,manual,46.00,,FALSE,TRUE,,,,,FALSE,,,draft
memorial-thank-you-card,,,,,,,FALSE,Service Level,Bespoke Custom Design - Print + Ship,,,,,MEMORIALTHANKY-03,150,,,continue,manual,62.00,,TRUE,TRUE,,,,,FALSE,,,draft
memorial-photo-collage-poster,Memorial Photo Collage Poster,<p>A photo collage created with warmth and respect to honor your loved one and comfort everyone who gathers.</p>,Color Create Studio,,Custom Design Service,"memorial, tribute, photo collage, Memorial & Tribute Design, Custom Design Service",FALSE,Service Level,Studio Template Edit - Digital (24-hr),,,,,MEMORIALPHOTOC-01,0,,,continue,manual,24.00,,FALSE,TRUE,,,,,FALSE,Memorial Photo Collage Poster | Color Create Studio,,draft
memorial-photo-collage-poster,,,,,,,FALSE,Service Level,Bespoke Custom Design - Digital,,,,,MEMORIALPHOTOC-02,0,,,continue,manual,46.00,,FALSE,TRUE,,,,,FALSE,,,draft
memorial-photo-collage-poster,,,,,,,FALSE,Service Level,Bespoke Custom Design - Print + Ship,,,,,MEMORIALPHOTOC-03,150,,,continue,manual,62.00,,TRUE,TRUE,,,,,FALSE,,,draft
memorial-candle-label,Memorial Candle Label Design,<p>A candle label created with warmth and respect to honor your loved one and comfort everyone who gathers.</p>,Color Create Studio,,Custom Design Service,"memorial, tribute, candle label, Memorial & Tribute Design, Custom Design Service",FALSE,Service Level,Studio Template Edit - Digital (24-hr),,,,,MEMORIALCANDLE-01,0,,,continue,manual,24.00,,FALSE,TRUE,,,,,FALSE,Memorial Candle Label Design | Color Create Studio,,draft
memorial-candle-label,,,,,,,FALSE,Service Level,Bespoke Custom Design - Digital,,,,,MEMORIALCANDLE-02,0,,,continue,manual,46.00,,FALSE,TRUE,,,,,FALSE,,,draft
memorial-candle-label,,,,,,,FALSE,Service Level,Bespoke Custom Design - Print + Ship,,,,,MEMORIALCANDLE-03,150,,,continue,manual,62.00,,TRUE,TRUE,,,,,FALSE,,,draft
memorial-favor-tag,Memorial Favor Tag Design,<p>A favor tag created with warmth and respect to honor your loved one and comfort everyone who gathers.</p>,Color Create Studio,,Custom Design Service,"memorial, tribute, favor tag, Memorial & Tribute Design, Custom Design Service",FALSE,Service Level,Studio Template Edit - Digital (24-hr),,,,,MEMORIALFAVORT-01,0,,,continue,manual,24.00,,FALSE,TRUE,,,,,FALSE,Memorial Favor Tag Design | Color Create Studio,,draft
memorial-favor-tag,,,,,,,FALSE,Service Level,Bespoke Custom Design - Digital,,,,,MEMORIALFAVORT-02,0,,,continue,manual,46.00,,FALSE,TRUE,,,,,FALSE,,,draft
memorial-favor-tag,,,,,,,FALSE,Service Level,Bespoke Custom Design - Print + Ship,,,,,MEMORIALFAVORT-03,150,,,continue,manual,62.00,,TRUE,TRUE,,,,,FALSE,,,draft
memorial-keepsake-card,Memorial Keepsake Card Design,<p>A keepsake created with warmth and respect to honor your loved one and comfort everyone who gathers.</p>,Color Create Studio,,Custom Design Service,"memorial, tribute, keepsake, Memorial & Tribute Design, Custom Design Service",FALSE,Service Level,Studio Template Edit - Digital (24-hr),,,,,MEMORIALKEEPSA-01,0,,,continue,manual,24.00,,FALSE,TRUE,,,,,FALSE,Memorial Keepsake Card Design | Color Create Studio,,draft
memorial-keepsake-card,,,,,,,FALSE,Service Level,Bespoke Custom Design - Digital,,,,,MEMORIALKEEPSA-02,0,,,continue,manual,46.00,,FALSE,TRUE,,,,,FALSE,,,draft
memorial-keepsake-card,,,,,,,FALSE,Service Level,Bespoke Custom Design - Print + Ship,,,,,MEMORIALKEEPSA-03,150,,,continue,manual,62.00,,TRUE,TRUE,,,,,FALSE,,,draft
custom-tribute-illustration,Custom Tribute Illustration,<p>A tribute illustration created with warmth and respect to honor your loved one and comfort everyone who gathers.</p>,Color Create Studio,,Custom Design Service,"memorial, tribute, tribute illustration, Memorial & Tribute Design, Custom Design Service",FALSE,Service Level,Studio Template Edit - Digital (24-hr),,,,,CUSTOMTRIBUTEI-01,0,,,continue,manual,24.00,,FALSE,TRUE,,,,,FALSE,Custom Tribute Illustration | Color Create Studio,,draft
custom-tribute-illustration,,,,,,,FALSE,Service Level,Bespoke Custom Design - Digital,,,,,CUSTOMTRIBUTEI-02,0,,,continue,manual,46.00,,FALSE,TRUE,,,,,FALSE,,,draft
custom-tribute-illustration,,,,,,,FALSE,Service Level,Bespoke Custom Design - Print + Ship,,,,,CUSTOMTRIBUTEI-03,150,,,continue,manual,62.00,,TRUE,TRUE,,,,,FALSE,,,draft
memorial-social-announcement,Memorial Social Media Announcement,<p>A graceful announcement graphic to share service details with family and friends online.</p>,Color Create Studio,,Digital Download,"memorial, social, Memorial & Tribute Design, Digital Download",FALSE,Delivery,Digital Download,,,,,MEMORIALSOCIAL-01,0,,,continue,manual,14.00,,FALSE,TRUE,,,,,FALSE,Memorial Social Media Announcement | Color Create Studio,,draft
memorial-remembrance-coloring-page,Custom Remembrance Coloring Page,<p>A gentle coloring page that gives children - and adults - a quiet way to remember and process.</p>,Color Create Studio,,Digital Download,"memorial, coloring, Memorial & Tribute Design, Digital Download",FALSE,Delivery,Digital Download,,,,,MEMORIALREMEMB-01,0,,,continue,manual,8.00,,FALSE,TRUE,,,,,FALSE,Custom Remembrance Coloring Page | Color Create Studio,,draft
small-business-design-starter-pack,Small Business Design Starter Pack,"<p>Everything a new brand needs to look established overnight - flyer, business card, social templates, and a thank-you card, all matching your brand.</p><p><em>A look that says professional at a glance, a message that sounds confident, assets you can put to work today.</em></p>",Color Create Studio,,Bundle,"business, starter, branding, Business Design Services, Bundle",FALSE,Package,Starter Pack,,,,,SMALLBUSINESSD-01,0,,,continue,manual,195.00,,FALSE,TRUE,,,,,FALSE,Small Business Design Starter Pack | Color Create Studio,,draft
custom-business-flyer,Custom Business Flyer,<p>A polished flyer that makes your small business look like a big brand - on time and on point.</p>,Color Create Studio,,Custom Design Service,"business, flyer, Business Design Services, Custom Design Service",FALSE,Service Level,Studio Template Edit - Digital (24-hr),,,,,CUSTOMBUSINESS-01XX,0,,,continue,manual,24.00,,FALSE,TRUE,,,,,FALSE,Custom Business Flyer | Color Create Studio,,draft
custom-business-flyer,,,,,,,FALSE,Service Level,Bespoke Custom Design - Digital,,,,,CUSTOMBUSINESS-02XX,0,,,continue,manual,45.00,,FALSE,TRUE,,,,,FALSE,,,draft
custom-business-flyer,,,,,,,FALSE,Service Level,Bespoke Custom Design - Print + Ship,,,,,CUSTOMBUSINESS-03X,150,,,continue,manual,60.00,,TRUE,TRUE,,,,,FALSE,,,draft
custom-price-list,Custom Price List Design,<p>A polished price list that makes your small business look like a big brand - on time and on point.</p>,Color Create Studio,,Custom Design Service,"business, price list, Business Design Services, Custom Design Service",FALSE,Service Level,Studio Template Edit - Digital (24-hr),,,,,CUSTOMPRICELIS-01,0,,,continue,manual,24.00,,FALSE,TRUE,,,,,FALSE,Custom Price List Design | Color Create Studio,,draft
custom-price-list,,,,,,,FALSE,Service Level,Bespoke Custom Design - Digital,,,,,CUSTOMPRICELIS-02,0,,,continue,manual,45.00,,FALSE,TRUE,,,,,FALSE,,,draft
custom-price-list,,,,,,,FALSE,Service Level,Bespoke Custom Design - Print + Ship,,,,,CUSTOMPRICELIS-03,150,,,continue,manual,60.00,,TRUE,TRUE,,,,,FALSE,,,draft
custom-service-menu,Custom Service Menu Design,<p>A polished service menu that makes your small business look like a big brand - on time and on point.</p>,Color Create Studio,,Custom Design Service,"business, service menu, Business Design Services, Custom Design Service",FALSE,Service Level,Studio Template Edit - Digital (24-hr),,,,,CUSTOMSERVICEM-01,0,,,continue,manual,24.00,,FALSE,TRUE,,,,,FALSE,Custom Service Menu Design | Color Create Studio,,draft
custom-service-menu,,,,,,,FALSE,Service Level,Bespoke Custom Design - Digital,,,,,CUSTOMSERVICEM-02,0,,,continue,manual,45.00,,FALSE,TRUE,,,,,FALSE,,,draft
custom-service-menu,,,,,,,FALSE,Service Level,Bespoke Custom Design - Print + Ship,,,,,CUSTOMSERVICEM-03,150,,,continue,manual,60.00,,TRUE,TRUE,,,,,FALSE,,,draft
custom-product-menu,Custom Product Menu Design,<p>A polished product menu that makes your small business look like a big brand - on time and on point.</p>,Color Create Studio,,Custom Design Service,"business, product menu, Business Design Services, Custom Design Service",FALSE,Service Level,Studio Template Edit - Digital (24-hr),,,,,CUSTOMPRODUCTM-01,0,,,continue,manual,24.00,,FALSE,TRUE,,,,,FALSE,Custom Product Menu Design | Color Create Studio,,draft
custom-product-menu,,,,,,,FALSE,Service Level,Bespoke Custom Design - Digital,,,,,CUSTOMPRODUCTM-02,0,,,continue,manual,45.00,,FALSE,TRUE,,,,,FALSE,,,draft
custom-product-menu,,,,,,,FALSE,Service Level,Bespoke Custom Design - Print + Ship,,,,,CUSTOMPRODUCTM-03,150,,,continue,manual,60.00,,TRUE,TRUE,,,,,FALSE,,,draft
custom-business-thank-you-card,Custom Thank-You Card Design,<p>A polished thank you card that makes your small business look like a big brand - on time and on point.</p>,Color Create Studio,,Custom Design Service,"business, thank you card, Business Design Services, Custom Design Service",FALSE,Service Level,Studio Template Edit - Digital (24-hr),,,,,CUSTOMBUSINESS-01XXX,0,,,continue,manual,24.00,,FALSE,TRUE,,,,,FALSE,Custom Thank-You Card Design | Color Create Studio,,draft
custom-business-thank-you-card,,,,,,,FALSE,Service Level,Bespoke Custom Design - Digital,,,,,CUSTOMBUSINESS-02XXX,0,,,continue,manual,45.00,,FALSE,TRUE,,,,,FALSE,,,draft
custom-business-thank-you-card,,,,,,,FALSE,Service Level,Bespoke Custom Design - Print + Ship,,,,,CUSTOMBUSINESS-03XX,150,,,continue,manual,60.00,,TRUE,TRUE,,,,,FALSE,,,draft
custom-business-card,Custom Business Card Design,<p>A polished business card that makes your small business look like a big brand - on time and on point.</p>,Color Create Studio,,Custom Design Service,"business, business card, Business Design Services, Custom Design Service",FALSE,Service Level,Studio Template Edit - Digital (24-hr),,,,,CUSTOMBUSINESS-01XXXX,0,,,continue,manual,24.00,,FALSE,TRUE,,,,,FALSE,Custom Business Card Design | Color Create Studio,,draft
custom-business-card,,,,,,,FALSE,Service Level,Bespoke Custom Design - Digital,,,,,CUSTOMBUSINESS-02XXXX,0,,,continue,manual,45.00,,FALSE,TRUE,,,,,FALSE,,,draft
custom-business-card,,,,,,,FALSE,Service Level,Bespoke Custom Design - Print + Ship,,,,,CUSTOMBUSINESS-03XXX,150,,,continue,manual,60.00,,TRUE,TRUE,,,,,FALSE,,,draft
custom-product-launch-graphic,Custom Product Launch Graphic,<p>A polished product launch that makes your small business look like a big brand - on time and on point.</p>,Color Create Studio,,Custom Design Service,"business, product launch, Business Design Services, Custom Design Service",FALSE,Service Level,Studio Template Edit - Digital (24-hr),,,,,CUSTOMPRODUCTL-01,0,,,continue,manual,24.00,,FALSE,TRUE,,,,,FALSE,Custom Product Launch Graphic | Color Create Studio,,draft
custom-product-launch-graphic,,,,,,,FALSE,Service Level,Bespoke Custom Design - Digital,,,,,CUSTOMPRODUCTL-02,0,,,continue,manual,45.00,,FALSE,TRUE,,,,,FALSE,,,draft
custom-product-launch-graphic,,,,,,,FALSE,Service Level,Bespoke Custom Design - Print + Ship,,,,,CUSTOMPRODUCTL-03,150,,,continue,manual,60.00,,TRUE,TRUE,,,,,FALSE,,,draft
custom-testimonial-graphic,Custom Testimonial Graphic,<p>A polished testimonial that makes your small business look like a big brand - on time and on point.</p>,Color Create Studio,,Custom Design Service,"business, testimonial, Business Design Services, Custom Design Service",FALSE,Service Level,Studio Template Edit - Digital (24-hr),,,,,CUSTOMTESTIMON-01,0,,,continue,manual,24.00,,FALSE,TRUE,,,,,FALSE,Custom Testimonial Graphic | Color Create Studio,,draft
custom-testimonial-graphic,,,,,,,FALSE,Service Level,Bespoke Custom Design - Digital,,,,,CUSTOMTESTIMON-02,0,,,continue,manual,45.00,,FALSE,TRUE,,,,,FALSE,,,draft
custom-testimonial-graphic,,,,,,,FALSE,Service Level,Bespoke Custom Design - Print + Ship,,,,,CUSTOMTESTIMON-03,150,,,continue,manual,60.00,,TRUE,TRUE,,,,,FALSE,,,draft
custom-brand-announcement-graphic,Custom Brand Announcement Graphic,<p>A polished announcement that makes your small business look like a big brand - on time and on point.</p>,Color Create Studio,,Custom Design Service,"business, announcement, Business Design Services, Custom Design Service",FALSE,Service Level,Studio Template Edit - Digital (24-hr),,,,,CUSTOMBRANDANN-01,0,,,continue,manual,24.00,,FALSE,TRUE,,,,,FALSE,Custom Brand Announcement Graphic | Color Create Studio,,draft
custom-brand-announcement-graphic,,,,,,,FALSE,Service Level,Bespoke Custom Design - Digital,,,,,CUSTOMBRANDANN-02,0,,,continue,manual,45.00,,FALSE,TRUE,,,,,FALSE,,,draft
custom-brand-announcement-graphic,,,,,,,FALSE,Service Level,Bespoke Custom Design - Print + Ship,,,,,CUSTOMBRANDANN-03,150,,,continue,manual,60.00,,TRUE,TRUE,,,,,FALSE,,,draft
custom-product-mockup,Custom Product Mockup Design,<p>A polished mockup that makes your small business look like a big brand - on time and on point.</p>,Color Create Studio,,Custom Design Service,"business, mockup, Business Design Services, Custom Design Service",FALSE,Service Level,Studio Template Edit - Digital (24-hr),,,,,CUSTOMPRODUCTM-01X,0,,,continue,manual,24.00,,FALSE,TRUE,,,,,FALSE,Custom Product Mockup Design | Color Create Studio,,draft
custom-product-mockup,,,,,,,FALSE,Service Level,Bespoke Custom Design - Digital,,,,,CUSTOMPRODUCTM-02X,0,,,continue,manual,45.00,,FALSE,TRUE,,,,,FALSE,,,draft
custom-product-mockup,,,,,,,FALSE,Service Level,Bespoke Custom Design - Print + Ship,,,,,CUSTOMPRODUCTM-03X,150,,,continue,manual,60.00,,TRUE,TRUE,,,,,FALSE,,,draft
custom-packaging-label,Custom Packaging Label Design,<p>A polished packaging that makes your small business look like a big brand - on time and on point.</p>,Color Create Studio,,Custom Design Service,"business, packaging, Business Design Services, Custom Design Service",FALSE,Service Level,Studio Template Edit - Digital (24-hr),,,,,CUSTOMPACKAGIN-01,0,,,continue,manual,24.00,,FALSE,TRUE,,,,,FALSE,Custom Packaging Label Design | Color Create Studio,,draft
custom-packaging-label,,,,,,,FALSE,Service Level,Bespoke Custom Design - Digital,,,,,CUSTOMPACKAGIN-02,0,,,continue,manual,45.00,,FALSE,TRUE,,,,,FALSE,,,draft
custom-packaging-label,,,,,,,FALSE,Service Level,Bespoke Custom Design - Print + Ship,,,,,CUSTOMPACKAGIN-03,150,,,continue,manual,60.00,,TRUE,TRUE,,,,,FALSE,,,draft
custom-digital-product-cover,Custom Digital Product Cover Design,<p>A polished cover that makes your small business look like a big brand - on time and on point.</p>,Color Create Studio,,Custom Design Service,"business, cover, Business Design Services, Custom Design Service",FALSE,Service Level,Studio Template Edit - Digital (24-hr),,,,,CUSTOMDIGITALP-01X,0,,,continue,manual,24.00,,FALSE,TRUE,,,,,FALSE,Custom Digital Product Cover Design | Color Create Studio,,draft
custom-digital-product-cover,,,,,,,FALSE,Service Level,Bespoke Custom Design - Digital,,,,,CUSTOMDIGITALP-02X,0,,,continue,manual,45.00,,FALSE,TRUE,,,,,FALSE,,,draft
custom-digital-product-cover,,,,,,,FALSE,Service Level,Bespoke Custom Design - Print + Ship,,,,,CUSTOMDIGITALP-03X,150,,,continue,manual,60.00,,TRUE,TRUE,,,,,FALSE,,,draft
custom-ebook-workbook-cover,Custom E-book / Workbook Cover Design,<p>A polished ebook cover that makes your small business look like a big brand - on time and on point.</p>,Color Create Studio,,Custom Design Service,"business, ebook cover, Business Design Services, Custom Design Service",FALSE,Service Level,Studio Template Edit - Digital (24-hr),,,,,CUSTOMEBOOKWOR-01,0,,,continue,manual,24.00,,FALSE,TRUE,,,,,FALSE,Custom E-book / Workbook Cover Design | Color Create Studio,,draft
custom-ebook-workbook-cover,,,,,,,FALSE,Service Level,Bespoke Custom Design - Digital,,,,,CUSTOMEBOOKWOR-02,0,,,continue,manual,45.00,,FALSE,TRUE,,,,,FALSE,,,draft
custom-ebook-workbook-cover,,,,,,,FALSE,Service Level,Bespoke Custom Design - Print + Ship,,,,,CUSTOMEBOOKWOR-03,150,,,continue,manual,60.00,,TRUE,TRUE,,,,,FALSE,,,draft
custom-instagram-templates,Custom Instagram Post & Story Templates,"<p>Branded, editable Instagram templates so your feed and stories stay consistent and on-brand without starting from scratch every time.</p><p><em>A scroll-stopping look your audience sees, a voice they recognize, a system you can reuse.</em></p>",Color Create Studio,,Canva Editable Template,"business, instagram, template, social, Business Design Services, Canva Editable Template",FALSE,Set,Post Template Set,,,,,CUSTOMINSTAGRA-01,0,,,continue,manual,18.00,,FALSE,TRUE,,,,,FALSE,Custom Instagram Post & Story Templates | Color Create Studio,,draft
custom-instagram-templates,,,,,,,FALSE,Set,Story Template Set,,,,,CUSTOMINSTAGRA-02,0,,,continue,manual,18.00,,FALSE,TRUE,,,,,FALSE,,,draft
custom-instagram-templates,,,,,,,FALSE,Set,Post + Story Bundle,,,,,CUSTOMINSTAGRA-03,0,,,continue,manual,30.00,,FALSE,TRUE,,,,,FALSE,,,draft
custom-canva-business-template,Custom Canva Business Template,"<p>A fully editable, on-brand Canva template built for your business so you can update and reuse it anytime.</p>",Color Create Studio,,Canva Editable Template,"business, canva, template, Business Design Services, Canva Editable Template",FALSE,Delivery,Canva Link,,,,,CUSTOMCANVABUS-01,0,,,continue,manual,22.00,,FALSE,TRUE,,,,,FALSE,Custom Canva Business Template | Color Create Studio,,draft
custom-brand-graphic-mini-pack,Custom Brand Graphic Mini Pack,"<p>A small, mighty set of matching brand graphics to refresh your socials fast.</p>",Color Create Studio,,Bundle,"business, branding, bundle, Business Design Services, Bundle",FALSE,Pack,Mini Pack,,,,,CUSTOMBRANDGRA-01,0,,,continue,manual,75.00,,FALSE,TRUE,,,,,FALSE,Custom Brand Graphic Mini Pack | Color Create Studio,,draft
social-media-visual-refresh,Social Media Visual Refresh Package,"<p>A full refresh of your social presence - cohesive templates, highlight covers, and post graphics that make your brand look brand new.</p>",Color Create Studio,,Bundle,"business, social, refresh, Business Design Services, Bundle",FALSE,Package,Full Refresh,,,,,SOCIALMEDIAVIS-01,0,,,continue,manual,165.00,,FALSE,TRUE,,,,,FALSE,Social Media Visual Refresh Package | Color Create Studio,,draft
canva-invitation-template,Editable Canva Invitation Template,"<p>A fully editable invitation Canva template - swap your text, colors, and photos in minutes and export print-ready. Instant download, edit forever.</p><p><em>See it come together instantly, follow simple prompts, drag and drop until it feels like yours.</em></p>",Color Create Studio,,Canva Editable Template,"canva, template, invitation, editable, Canva Templates, Canva Editable Template",FALSE,Delivery,Canva Link,,,,,CANVAINVITATIO-01,0,,,continue,manual,12.00,,FALSE,TRUE,,,,,FALSE,Editable Canva Invitation Template | Color Create Studio,,draft
canva-birthday-invitation-template,Editable Canva Birthday Invitation Template,"<p>A fully editable birthday Canva template - swap your text, colors, and photos in minutes and export print-ready. Instant download, edit forever.</p><p><em>See it come together instantly, follow simple prompts, drag and drop until it feels like yours.</em></p>",Color Create Studio,,Canva Editable Template,"canva, template, birthday, editable, Canva Templates, Canva Editable Template",FALSE,Delivery,Canva Link,,,,,CANVABIRTHDAYI-01,0,,,continue,manual,12.00,,FALSE,TRUE,,,,,FALSE,Editable Canva Birthday Invitation Template | Color Create Studio,,draft
canva-baby-shower-invitation-template,Editable Canva Baby Shower Invitation Template,"<p>A fully editable baby shower Canva template - swap your text, colors, and photos in minutes and export print-ready. Instant download, edit forever.</p><p><em>See it come together instantly, follow simple prompts, drag and drop until it feels like yours.</em></p>",Color Create Studio,,Canva Editable Template,"canva, template, baby shower, editable, Canva Templates, Canva Editable Template",FALSE,Delivery,Canva Link,,,,,CANVABABYSHOWE-01,0,,,continue,manual,12.00,,FALSE,TRUE,,,,,FALSE,Editable Canva Baby Shower Invitation Template | Color Create Studio,,draft
canva-graduation-invitation-template,Editable Canva Graduation Invitation Template,"<p>A fully editable graduation Canva template - swap your text, colors, and photos in minutes and export print-ready. Instant download, edit forever.</p><p><em>See it come together instantly, follow simple prompts, drag and drop until it feels like yours.</em></p>",Color Create Studio,,Canva Editable Template,"canva, template, graduation, editable, Canva Templates, Canva Editable Template",FALSE,Delivery,Canva Link,,,,,CANVAGRADUATIO-01,0,,,continue,manual,12.00,,FALSE,TRUE,,,,,FALSE,Editable Canva Graduation Invitation Template | Color Create Studio,,draft
canva-memorial-flyer-template,Editable Canva Memorial Flyer Template,"<p>A fully editable memorial Canva template - swap your text, colors, and photos in minutes and export print-ready. Instant download, edit forever.</p><p><em>See it come together instantly, follow simple prompts, drag and drop until it feels like yours.</em></p>",Color Create Studio,,Canva Editable Template,"canva, template, memorial, editable, Canva Templates, Canva Editable Template",FALSE,Delivery,Canva Link,,,,,CANVAMEMORIALF-01,0,,,continue,manual,12.00,,FALSE,TRUE,,,,,FALSE,Editable Canva Memorial Flyer Template | Color Create Studio,,draft
canva-party-flyer-template,Editable Canva Party Flyer Template,"<p>A fully editable party flyer Canva template - swap your text, colors, and photos in minutes and export print-ready. Instant download, edit forever.</p><p><em>See it come together instantly, follow simple prompts, drag and drop until it feels like yours.</em></p>",Color Create Studio,,Canva Editable Template,"canva, template, party flyer, editable, Canva Templates, Canva Editable Template",FALSE,Delivery,Canva Link,,,,,CANVAPARTYFLYE-01,0,,,continue,manual,12.00,,FALSE,TRUE,,,,,FALSE,Editable Canva Party Flyer Template | Color Create Studio,,draft
canva-welcome-sign-template,Editable Canva Welcome Sign Template,"<p>A fully editable welcome sign Canva template - swap your text, colors, and photos in minutes and export print-ready. Instant download, edit forever.</p><p><em>See it come together instantly, follow simple prompts, drag and drop until it feels like yours.</em></p>",Color Create Studio,,Canva Editable Template,"canva, template, welcome sign, editable, Canva Templates, Canva Editable Template",FALSE,Delivery,Canva Link,,,,,CANVAWELCOMESI-01,0,,,continue,manual,12.00,,FALSE,TRUE,,,,,FALSE,Editable Canva Welcome Sign Template | Color Create Studio,,draft
canva-thank-you-card-template,Editable Canva Thank-You Card Template,"<p>A fully editable thank you card Canva template - swap your text, colors, and photos in minutes and export print-ready. Instant download, edit forever.</p><p><em>See it come together instantly, follow simple prompts, drag and drop until it feels like yours.</em></p>",Color Create Studio,,Canva Editable Template,"canva, template, thank you card, editable, Canva Templates, Canva Editable Template",FALSE,Delivery,Canva Link,,,,,CANVATHANKYOUC-01,0,,,continue,manual,12.00,,FALSE,TRUE,,,,,FALSE,Editable Canva Thank-You Card Template | Color Create Studio,,draft
canva-favor-tag-template,Editable Canva Favor Tag Template,"<p>A fully editable favor tag Canva template - swap your text, colors, and photos in minutes and export print-ready. Instant download, edit forever.</p><p><em>See it come together instantly, follow simple prompts, drag and drop until it feels like yours.</em></p>",Color Create Studio,,Canva Editable Template,"canva, template, favor tag, editable, Canva Templates, Canva Editable Template",FALSE,Delivery,Canva Link,,,,,CANVAFAVORTAGT-01,0,,,continue,manual,12.00,,FALSE,TRUE,,,,,FALSE,Editable Canva Favor Tag Template | Color Create Studio,,draft
canva-party-game-template,Editable Canva Party Game Template,"<p>A fully editable party game Canva template - swap your text, colors, and photos in minutes and export print-ready. Instant download, edit forever.</p><p><em>See it come together instantly, follow simple prompts, drag and drop until it feels like yours.</em></p>",Color Create Studio,,Canva Editable Template,"canva, template, party game, editable, Canva Templates, Canva Editable Template",FALSE,Delivery,Canva Link,,,,,CANVAPARTYGAME-01,0,,,continue,manual,12.00,,FALSE,TRUE,,,,,FALSE,Editable Canva Party Game Template | Color Create Studio,,draft
canva-itinerary-template,Editable Canva Itinerary Template,"<p>A fully editable itinerary Canva template - swap your text, colors, and photos in minutes and export print-ready. Instant download, edit forever.</p><p><em>See it come together instantly, follow simple prompts, drag and drop until it feels like yours.</em></p>",Color Create Studio,,Canva Editable Template,"canva, template, itinerary, editable, Canva Templates, Canva Editable Template",FALSE,Delivery,Canva Link,,,,,CANVAITINERARY-01,0,,,continue,manual,12.00,,FALSE,TRUE,,,,,FALSE,Editable Canva Itinerary Template | Color Create Studio,,draft
canva-menu-card-template,Editable Canva Menu Card Template,"<p>A fully editable menu card Canva template - swap your text, colors, and photos in minutes and export print-ready. Instant download, edit forever.</p><p><em>See it come together instantly, follow simple prompts, drag and drop until it feels like yours.</em></p>",Color Create Studio,,Canva Editable Template,"canva, template, menu card, editable, Canva Templates, Canva Editable Template",FALSE,Delivery,Canva Link,,,,,CANVAMENUCARDT-01,0,,,continue,manual,12.00,,FALSE,TRUE,,,,,FALSE,Editable Canva Menu Card Template | Color Create Studio,,draft
canva-birthday-board-template,Editable Canva Birthday Board Template,"<p>A fully editable birthday board Canva template - swap your text, colors, and photos in minutes and export print-ready. Instant download, edit forever.</p><p><em>See it come together instantly, follow simple prompts, drag and drop until it feels like yours.</em></p>",Color Create Studio,,Canva Editable Template,"canva, template, birthday board, editable, Canva Templates, Canva Editable Template",FALSE,Delivery,Canva Link,,,,,CANVABIRTHDAYB-01,0,,,continue,manual,12.00,,FALSE,TRUE,,,,,FALSE,Editable Canva Birthday Board Template | Color Create Studio,,draft
canva-milestone-board-template,Editable Canva Milestone Board Template,"<p>A fully editable milestone board Canva template - swap your text, colors, and photos in minutes and export print-ready. Instant download, edit forever.</p><p><em>See it come together instantly, follow simple prompts, drag and drop until it feels like yours.</em></p>",Color Create Studio,,Canva Editable Template,"canva, template, milestone board, editable, Canva Templates, Canva Editable Template",FALSE,Delivery,Canva Link,,,,,CANVAMILESTONE-01,0,,,continue,manual,12.00,,FALSE,TRUE,,,,,FALSE,Editable Canva Milestone Board Template | Color Create Studio,,draft
canva-graduation-board-template,Editable Canva Graduation Board Template,"<p>A fully editable graduation board Canva template - swap your text, colors, and photos in minutes and export print-ready. Instant download, edit forever.</p><p><em>See it come together instantly, follow simple prompts, drag and drop until it feels like yours.</em></p>",Color Create Studio,,Canva Editable Template,"canva, template, graduation board, editable, Canva Templates, Canva Editable Template",FALSE,Delivery,Canva Link,,,,,CANVAGRADUATIO-01X,0,,,continue,manual,12.00,,FALSE,TRUE,,,,,FALSE,Editable Canva Graduation Board Template | Color Create Studio,,draft
canva-chip-bag-template,Editable Canva Chip Bag Template,"<p>A fully editable chip bag Canva template - swap your text, colors, and photos in minutes and export print-ready. Instant download, edit forever.</p><p><em>See it come together instantly, follow simple prompts, drag and drop until it feels like yours.</em></p>",Color Create Studio,,Canva Editable Template,"canva, template, chip bag, editable, Canva Templates, Canva Editable Template",FALSE,Delivery,Canva Link,,,,,CANVACHIPBAGTE-01,0,,,continue,manual,12.00,,FALSE,TRUE,,,,,FALSE,Editable Canva Chip Bag Template | Color Create Studio,,draft
canva-water-bottle-label-template,Editable Canva Water Bottle Label Template,"<p>A fully editable water bottle Canva template - swap your text, colors, and photos in minutes and export print-ready. Instant download, edit forever.</p><p><em>See it come together instantly, follow simple prompts, drag and drop until it feels like yours.</em></p>",Color Create Studio,,Canva Editable Template,"canva, template, water bottle, editable, Canva Templates, Canva Editable Template",FALSE,Delivery,Canva Link,,,,,CANVAWATERBOTT-01,0,,,continue,manual,12.00,,FALSE,TRUE,,,,,FALSE,Editable Canva Water Bottle Label Template | Color Create Studio,,draft
canva-juice-pouch-label-template,Editable Canva Juice Pouch Label Template,"<p>A fully editable juice pouch Canva template - swap your text, colors, and photos in minutes and export print-ready. Instant download, edit forever.</p><p><em>See it come together instantly, follow simple prompts, drag and drop until it feels like yours.</em></p>",Color Create Studio,,Canva Editable Template,"canva, template, juice pouch, editable, Canva Templates, Canva Editable Template",FALSE,Delivery,Canva Link,,,,,CANVAJUICEPOUC-01,0,,,continue,manual,12.00,,FALSE,TRUE,,,,,FALSE,Editable Canva Juice Pouch Label Template | Color Create Studio,,draft
canva-candy-wrapper-template,Editable Canva Candy Wrapper Template,"<p>A fully editable candy wrapper Canva template - swap your text, colors, and photos in minutes and export print-ready. Instant download, edit forever.</p><p><em>See it come together instantly, follow simple prompts, drag and drop until it feels like yours.</em></p>",Color Create Studio,,Canva Editable Template,"canva, template, candy wrapper, editable, Canva Templates, Canva Editable Template",FALSE,Delivery,Canva Link,,,,,CANVACANDYWRAP-01,0,,,continue,manual,12.00,,FALSE,TRUE,,,,,FALSE,Editable Canva Candy Wrapper Template | Color Create Studio,,draft
canva-treat-bag-topper-template,Editable Canva Treat Bag Topper Template,"<p>A fully editable treat topper Canva template - swap your text, colors, and photos in minutes and export print-ready. Instant download, edit forever.</p><p><em>See it come together instantly, follow simple prompts, drag and drop until it feels like yours.</em></p>",Color Create Studio,,Canva Editable Template,"canva, template, treat topper, editable, Canva Templates, Canva Editable Template",FALSE,Delivery,Canva Link,,,,,CANVATREATBAGT-01,0,,,continue,manual,12.00,,FALSE,TRUE,,,,,FALSE,Editable Canva Treat Bag Topper Template | Color Create Studio,,draft
canva-sticker-label-template,Editable Canva Sticker Label Template,"<p>A fully editable sticker label Canva template - swap your text, colors, and photos in minutes and export print-ready. Instant download, edit forever.</p><p><em>See it come together instantly, follow simple prompts, drag and drop until it feels like yours.</em></p>",Color Create Studio,,Canva Editable Template,"canva, template, sticker label, editable, Canva Templates, Canva Editable Template",FALSE,Delivery,Canva Link,,,,,CANVASTICKERLA-01,0,,,continue,manual,12.00,,FALSE,TRUE,,,,,FALSE,Editable Canva Sticker Label Template | Color Create Studio,,draft
canva-cake-topper-template,Editable Canva Cake Topper Template,"<p>A fully editable cake topper Canva template - swap your text, colors, and photos in minutes and export print-ready. Instant download, edit forever.</p><p><em>See it come together instantly, follow simple prompts, drag and drop until it feels like yours.</em></p>",Color Create Studio,,Canva Editable Template,"canva, template, cake topper, editable, Canva Templates, Canva Editable Template",FALSE,Delivery,Canva Link,,,,,CANVACAKETOPPE-01,0,,,continue,manual,12.00,,FALSE,TRUE,,,,,FALSE,Editable Canva Cake Topper Template | Color Create Studio,,draft
canva-cupcake-topper-template,Editable Canva Cupcake Topper Template,"<p>A fully editable cupcake topper Canva template - swap your text, colors, and photos in minutes and export print-ready. Instant download, edit forever.</p><p><em>See it come together instantly, follow simple prompts, drag and drop until it feels like yours.</em></p>",Color Create Studio,,Canva Editable Template,"canva, template, cupcake topper, editable, Canva Templates, Canva Editable Template",FALSE,Delivery,Canva Link,,,,,CANVACUPCAKETO-01,0,,,continue,manual,12.00,,FALSE,TRUE,,,,,FALSE,Editable Canva Cupcake Topper Template | Color Create Studio,,draft
canva-price-list-template,Editable Canva Price List Template,"<p>A fully editable price list Canva template - swap your text, colors, and photos in minutes and export print-ready. Instant download, edit forever.</p><p><em>See it come together instantly, follow simple prompts, drag and drop until it feels like yours.</em></p>",Color Create Studio,,Canva Editable Template,"canva, template, price list, editable, Canva Templates, Canva Editable Template",FALSE,Delivery,Canva Link,,,,,CANVAPRICELIST-01,0,,,continue,manual,12.00,,FALSE,TRUE,,,,,FALSE,Editable Canva Price List Template | Color Create Studio,,draft
canva-service-menu-template,Editable Canva Service Menu Template,"<p>A fully editable service menu Canva template - swap your text, colors, and photos in minutes and export print-ready. Instant download, edit forever.</p><p><em>See it come together instantly, follow simple prompts, drag and drop until it feels like yours.</em></p>",Color Create Studio,,Canva Editable Template,"canva, template, service menu, editable, Canva Templates, Canva Editable Template",FALSE,Delivery,Canva Link,,,,,CANVASERVICEME-01,0,,,continue,manual,12.00,,FALSE,TRUE,,,,,FALSE,Editable Canva Service Menu Template | Color Create Studio,,draft
canva-product-menu-template,Editable Canva Product Menu Template,"<p>A fully editable product menu Canva template - swap your text, colors, and photos in minutes and export print-ready. Instant download, edit forever.</p><p><em>See it come together instantly, follow simple prompts, drag and drop until it feels like yours.</em></p>",Color Create Studio,,Canva Editable Template,"canva, template, product menu, editable, Canva Templates, Canva Editable Template",FALSE,Delivery,Canva Link,,,,,CANVAPRODUCTME-01,0,,,continue,manual,12.00,,FALSE,TRUE,,,,,FALSE,Editable Canva Product Menu Template | Color Create Studio,,draft
canva-business-flyer-template,Editable Canva Business Flyer Template,"<p>A fully editable business flyer Canva template - swap your text, colors, and photos in minutes and export print-ready. Instant download, edit forever.</p><p><em>See it come together instantly, follow simple prompts, drag and drop until it feels like yours.</em></p>",Color Create Studio,,Canva Editable Template,"canva, template, business flyer, editable, Canva Templates, Canva Editable Template",FALSE,Delivery,Canva Link,,,,,CANVABUSINESSF-01,0,,,continue,manual,12.00,,FALSE,TRUE,,,,,FALSE,Editable Canva Business Flyer Template | Color Create Studio,,draft
canva-instagram-post-template,Editable Canva Instagram Post Template,"<p>A fully editable instagram post Canva template - swap your text, colors, and photos in minutes and export print-ready. Instant download, edit forever.</p><p><em>See it come together instantly, follow simple prompts, drag and drop until it feels like yours.</em></p>",Color Create Studio,,Canva Editable Template,"canva, template, instagram post, editable, Canva Templates, Canva Editable Template",FALSE,Delivery,Canva Link,,,,,CANVAINSTAGRAM-01,0,,,continue,manual,12.00,,FALSE,TRUE,,,,,FALSE,Editable Canva Instagram Post Template | Color Create Studio,,draft
canva-instagram-story-template,Editable Canva Instagram Story Template,"<p>A fully editable instagram story Canva template - swap your text, colors, and photos in minutes and export print-ready. Instant download, edit forever.</p><p><em>See it come together instantly, follow simple prompts, drag and drop until it feels like yours.</em></p>",Color Create Studio,,Canva Editable Template,"canva, template, instagram story, editable, Canva Templates, Canva Editable Template",FALSE,Delivery,Canva Link,,,,,CANVAINSTAGRAM-01X,0,,,continue,manual,12.00,,FALSE,TRUE,,,,,FALSE,Editable Canva Instagram Story Template | Color Create Studio,,draft
canva-product-launch-template,Editable Canva Product Launch Template,"<p>A fully editable product launch Canva template - swap your text, colors, and photos in minutes and export print-ready. Instant download, edit forever.</p><p><em>See it come together instantly, follow simple prompts, drag and drop until it feels like yours.</em></p>",Color Create Studio,,Canva Editable Template,"canva, template, product launch, editable, Canva Templates, Canva Editable Template",FALSE,Delivery,Canva Link,,,,,CANVAPRODUCTLA-01,0,,,continue,manual,12.00,,FALSE,TRUE,,,,,FALSE,Editable Canva Product Launch Template | Color Create Studio,,draft
canva-testimonial-template,Editable Canva Testimonial Template,"<p>A fully editable testimonial Canva template - swap your text, colors, and photos in minutes and export print-ready. Instant download, edit forever.</p><p><em>See it come together instantly, follow simple prompts, drag and drop until it feels like yours.</em></p>",Color Create Studio,,Canva Editable Template,"canva, template, testimonial, editable, Canva Templates, Canva Editable Template",FALSE,Delivery,Canva Link,,,,,CANVATESTIMONI-01,0,,,continue,manual,12.00,,FALSE,TRUE,,,,,FALSE,Editable Canva Testimonial Template | Color Create Studio,,draft
canva-coloring-page-template,Editable Canva Coloring Page Template,"<p>A fully editable coloring page Canva template - swap your text, colors, and photos in minutes and export print-ready. Instant download, edit forever.</p><p><em>See it come together instantly, follow simple prompts, drag and drop until it feels like yours.</em></p>",Color Create Studio,,Canva Editable Template,"canva, template, coloring page, editable, Canva Templates, Canva Editable Template",FALSE,Delivery,Canva Link,,,,,CANVACOLORINGP-01,0,,,continue,manual,12.00,,FALSE,TRUE,,,,,FALSE,Editable Canva Coloring Page Template | Color Create Studio,,draft
canva-activity-page-template,Editable Canva Activity Page Template,"<p>A fully editable activity page Canva template - swap your text, colors, and photos in minutes and export print-ready. Instant download, edit forever.</p><p><em>See it come together instantly, follow simple prompts, drag and drop until it feels like yours.</em></p>",Color Create Studio,,Canva Editable Template,"canva, template, activity page, editable, Canva Templates, Canva Editable Template",FALSE,Delivery,Canva Link,,,,,CANVAACTIVITYP-01,0,,,continue,manual,12.00,,FALSE,TRUE,,,,,FALSE,Editable Canva Activity Page Template | Color Create Studio,,draft
canva-journal-page-template,Editable Canva Journal Page Template,"<p>A fully editable journal page Canva template - swap your text, colors, and photos in minutes and export print-ready. Instant download, edit forever.</p><p><em>See it come together instantly, follow simple prompts, drag and drop until it feels like yours.</em></p>",Color Create Studio,,Canva Editable Template,"canva, template, journal page, editable, Canva Templates, Canva Editable Template",FALSE,Delivery,Canva Link,,,,,CANVAJOURNALPA-01,0,,,continue,manual,12.00,,FALSE,TRUE,,,,,FALSE,Editable Canva Journal Page Template | Color Create Studio,,draft
canva-planner-page-template,Editable Canva Planner Page Template,"<p>A fully editable planner page Canva template - swap your text, colors, and photos in minutes and export print-ready. Instant download, edit forever.</p><p><em>See it come together instantly, follow simple prompts, drag and drop until it feels like yours.</em></p>",Color Create Studio,,Canva Editable Template,"canva, template, planner page, editable, Canva Templates, Canva Editable Template",FALSE,Delivery,Canva Link,,,,,CANVAPLANNERPA-01,0,,,continue,manual,12.00,,FALSE,TRUE,,,,,FALSE,Editable Canva Planner Page Template | Color Create Studio,,draft
canva-affirmation-card-template,Editable Canva Affirmation Card Template,"<p>A fully editable affirmation card Canva template - swap your text, colors, and photos in minutes and export print-ready. Instant download, edit forever.</p><p><em>See it come together instantly, follow simple prompts, drag and drop until it feels like yours.</em></p>",Color Create Studio,,Canva Editable Template,"canva, template, affirmation card, editable, Canva Templates, Canva Editable Template",FALSE,Delivery,Canva Link,,,,,CANVAAFFIRMATI-01,0,,,continue,manual,12.00,,FALSE,TRUE,,,,,FALSE,Editable Canva Affirmation Card Template | Color Create Studio,,draft
canva-sticker-sheet-template,Editable Canva Sticker Sheet Template,"<p>A fully editable sticker sheet Canva template - swap your text, colors, and photos in minutes and export print-ready. Instant download, edit forever.</p><p><em>See it come together instantly, follow simple prompts, drag and drop until it feels like yours.</em></p>",Color Create Studio,,Canva Editable Template,"canva, template, sticker sheet, editable, Canva Templates, Canva Editable Template",FALSE,Delivery,Canva Link,,,,,CANVASTICKERSH-01,0,,,continue,manual,12.00,,FALSE,TRUE,,,,,FALSE,Editable Canva Sticker Sheet Template | Color Create Studio,,draft
canva-workbook-template,Editable Canva Workbook Template,"<p>A fully editable workbook Canva template - swap your text, colors, and photos in minutes and export print-ready. Instant download, edit forever.</p><p><em>See it come together instantly, follow simple prompts, drag and drop until it feels like yours.</em></p>",Color Create Studio,,Canva Editable Template,"canva, template, workbook, editable, Canva Templates, Canva Editable Template",FALSE,Delivery,Canva Link,,,,,CANVAWORKBOOKT-01,0,,,continue,manual,12.00,,FALSE,TRUE,,,,,FALSE,Editable Canva Workbook Template | Color Create Studio,,draft
canva-party-favor-bundle-template,Editable Canva Party Favor Bundle Template,"<p>A money-saving bundle of editable party favor Canva templates - everything matching, everything reusable.</p>",Color Create Studio,,Canva Editable Template,"canva, template, bundle, party favor, Canva Templates, Canva Editable Template",FALSE,Delivery,Canva Link,,,,,CANVAPARTYFAVO-01,0,,,continue,manual,35.00,,FALSE,TRUE,,,,,FALSE,Editable Canva Party Favor Bundle Template | Color Create Studio,,draft
canva-business-starter-bundle-template,Editable Canva Business Starter Template Bundle,"<p>A money-saving bundle of editable business Canva templates - everything matching, everything reusable.</p>",Color Create Studio,,Canva Editable Template,"canva, template, bundle, business, Canva Templates, Canva Editable Template",FALSE,Delivery,Canva Link,,,,,CANVABUSINESSS-01,0,,,continue,manual,39.00,,FALSE,TRUE,,,,,FALSE,Editable Canva Business Starter Template Bundle | Color Create Studio,,draft
canva-digital-product-bundle-template,Editable Canva Digital Product Template Bundle,"<p>A money-saving bundle of editable digital product Canva templates - everything matching, everything reusable.</p>",Color Create Studio,,Canva Editable Template,"canva, template, bundle, digital product, Canva Templates, Canva Editable Template",FALSE,Delivery,Canva Link,,,,,CANVADIGITALPR-01,0,,,continue,manual,39.00,,FALSE,TRUE,,,,,FALSE,Editable Canva Digital Product Template Bundle | Color Create Studio,,draft
fulfill-invitation-set,Invitation Set,"<p>Your invitation, your way. Get the finished design delivered digitally to print yourself, or let us print and ship the done-for-you product straight to your door.</p><p><em>Sharp, ready-to-print visuals, clear delivery options, a product you can hold and hand out.</em></p>",Color Create Studio,,Print + Ship Product,"fulfillment, print, ship, invitation, Print + Ship, Print + Ship Product",FALSE,Delivery,Digital Print + Send,,,,,FULFILLINVITAT-01,0,,,continue,manual,12.00,,FALSE,TRUE,,,,,FALSE,Invitation Set | Color Create Studio,,draft
fulfill-invitation-set,,,,,,,FALSE,Delivery,Print + Ship,,,,,FULFILLINVITAT-02,250,,,continue,manual,32.00,,TRUE,TRUE,,,,,FALSE,,,draft
fulfill-thank-you-cards,Thank-You Cards,"<p>Your thank you card, your way. Get the finished design delivered digitally to print yourself, or let us print and ship the done-for-you product straight to your door.</p><p><em>Sharp, ready-to-print visuals, clear delivery options, a product you can hold and hand out.</em></p>",Color Create Studio,,Print + Ship Product,"fulfillment, print, ship, thank you card, Print + Ship, Print + Ship Product",FALSE,Delivery,Digital Print + Send,,,,,FULFILLTHANKYO-01,0,,,continue,manual,10.00,,FALSE,TRUE,,,,,FALSE,Thank-You Cards | Color Create Studio,,draft
fulfill-thank-you-cards,,,,,,,FALSE,Delivery,Print + Ship,,,,,FULFILLTHANKYO-02,250,,,continue,manual,28.00,,TRUE,TRUE,,,,,FALSE,,,draft
fulfill-welcome-sign,Welcome Sign,"<p>Your welcome sign, your way. Get the finished design delivered digitally to print yourself, or let us print and ship the done-for-you product straight to your door.</p><p><em>Sharp, ready-to-print visuals, clear delivery options, a product you can hold and hand out.</em></p>",Color Create Studio,,Print + Ship Product,"fulfillment, print, ship, welcome sign, Print + Ship, Print + Ship Product",FALSE,Delivery,Digital Print + Send,,,,,FULFILLWELCOME-01,0,,,continue,manual,14.00,,FALSE,TRUE,,,,,FALSE,Welcome Sign | Color Create Studio,,draft
fulfill-welcome-sign,,,,,,,FALSE,Delivery,Print + Ship,,,,,FULFILLWELCOME-02,250,,,continue,manual,38.00,,TRUE,TRUE,,,,,FALSE,,,draft
fulfill-party-signs,Party Signs,"<p>Your party sign, your way. Get the finished design delivered digitally to print yourself, or let us print and ship the done-for-you product straight to your door.</p><p><em>Sharp, ready-to-print visuals, clear delivery options, a product you can hold and hand out.</em></p>",Color Create Studio,,Print + Ship Product,"fulfillment, print, ship, party sign, Print + Ship, Print + Ship Product",FALSE,Delivery,Digital Print + Send,,,,,FULFILLPARTYSI-01,0,,,continue,manual,14.00,,FALSE,TRUE,,,,,FALSE,Party Signs | Color Create Studio,,draft
fulfill-party-signs,,,,,,,FALSE,Delivery,Print + Ship,,,,,FULFILLPARTYSI-02,250,,,continue,manual,36.00,,TRUE,TRUE,,,,,FALSE,,,draft
fulfill-party-game-cards,Party Game Cards,"<p>Your party game, your way. Get the finished design delivered digitally to print yourself, or let us print and ship the done-for-you product straight to your door.</p><p><em>Sharp, ready-to-print visuals, clear delivery options, a product you can hold and hand out.</em></p>",Color Create Studio,,Print + Ship Product,"fulfillment, print, ship, party game, Print + Ship, Print + Ship Product",FALSE,Delivery,Digital Print + Send,,,,,FULFILLPARTYGA-01,0,,,continue,manual,9.00,,FALSE,TRUE,,,,,FALSE,Party Game Cards | Color Create Studio,,draft
fulfill-party-game-cards,,,,,,,FALSE,Delivery,Print + Ship,,,,,FULFILLPARTYGA-02,250,,,continue,manual,26.00,,TRUE,TRUE,,,,,FALSE,,,draft
fulfill-favor-tags,Favor Tags,"<p>Your favor tag, your way. Get the finished design delivered digitally to print yourself, or let us print and ship the done-for-you product straight to your door.</p><p><em>Sharp, ready-to-print visuals, clear delivery options, a product you can hold and hand out.</em></p>",Color Create Studio,,Print + Ship Product,"fulfillment, print, ship, favor tag, Print + Ship, Print + Ship Product",FALSE,Delivery,Digital Print + Send,,,,,FULFILLFAVORTA-01,0,,,continue,manual,8.00,,FALSE,TRUE,,,,,FALSE,Favor Tags | Color Create Studio,,draft
fulfill-favor-tags,,,,,,,FALSE,Delivery,Print + Ship,,,,,FULFILLFAVORTA-02,250,,,continue,manual,24.00,,TRUE,TRUE,,,,,FALSE,,,draft
fulfill-sticker-labels,Sticker Labels,"<p>Your sticker label, your way. Get the finished design delivered digitally to print yourself, or let us print and ship the done-for-you product straight to your door.</p><p><em>Sharp, ready-to-print visuals, clear delivery options, a product you can hold and hand out.</em></p>",Color Create Studio,,Print + Ship Product,"fulfillment, print, ship, sticker label, Print + Ship, Print + Ship Product",FALSE,Delivery,Digital Print + Send,,,,,FULFILLSTICKER-01,0,,,continue,manual,8.00,,FALSE,TRUE,,,,,FALSE,Sticker Labels | Color Create Studio,,draft
fulfill-sticker-labels,,,,,,,FALSE,Delivery,Print + Ship,,,,,FULFILLSTICKER-02,250,,,continue,manual,24.00,,TRUE,TRUE,,,,,FALSE,,,draft
fulfill-party-favor-labels,Party Favor Labels,"<p>Your favor label, your way. Get the finished design delivered digitally to print yourself, or let us print and ship the done-for-you product straight to your door.</p><p><em>Sharp, ready-to-print visuals, clear delivery options, a product you can hold and hand out.</em></p>",Color Create Studio,,Print + Ship Product,"fulfillment, print, ship, favor label, Print + Ship, Print + Ship Product",FALSE,Delivery,Digital Print + Send,,,,,FULFILLPARTYFA-01,0,,,continue,manual,9.00,,FALSE,TRUE,,,,,FALSE,Party Favor Labels | Color Create Studio,,draft
fulfill-party-favor-labels,,,,,,,FALSE,Delivery,Print + Ship,,,,,FULFILLPARTYFA-02,250,,,continue,manual,26.00,,TRUE,TRUE,,,,,FALSE,,,draft
fulfill-chip-bag-labels,Chip Bag Labels,"<p>Your chip bag, your way. Get the finished design delivered digitally to print yourself, or let us print and ship the done-for-you product straight to your door.</p><p><em>Sharp, ready-to-print visuals, clear delivery options, a product you can hold and hand out.</em></p>",Color Create Studio,,Print + Ship Product,"fulfillment, print, ship, chip bag, Print + Ship, Print + Ship Product",FALSE,Delivery,Digital Print + Send,,,,,FULFILLCHIPBAG-01,0,,,continue,manual,9.00,,FALSE,TRUE,,,,,FALSE,Chip Bag Labels | Color Create Studio,,draft
fulfill-chip-bag-labels,,,,,,,FALSE,Delivery,Print + Ship,,,,,FULFILLCHIPBAG-02,250,,,continue,manual,26.00,,TRUE,TRUE,,,,,FALSE,,,draft
fulfill-water-bottle-labels,Water Bottle Labels,"<p>Your water bottle, your way. Get the finished design delivered digitally to print yourself, or let us print and ship the done-for-you product straight to your door.</p><p><em>Sharp, ready-to-print visuals, clear delivery options, a product you can hold and hand out.</em></p>",Color Create Studio,,Print + Ship Product,"fulfillment, print, ship, water bottle, Print + Ship, Print + Ship Product",FALSE,Delivery,Digital Print + Send,,,,,FULFILLWATERBO-01,0,,,continue,manual,9.00,,FALSE,TRUE,,,,,FALSE,Water Bottle Labels | Color Create Studio,,draft
fulfill-water-bottle-labels,,,,,,,FALSE,Delivery,Print + Ship,,,,,FULFILLWATERBO-02,250,,,continue,manual,26.00,,TRUE,TRUE,,,,,FALSE,,,draft
fulfill-juice-pouch-labels,Juice Pouch Labels,"<p>Your juice pouch, your way. Get the finished design delivered digitally to print yourself, or let us print and ship the done-for-you product straight to your door.</p><p><em>Sharp, ready-to-print visuals, clear delivery options, a product you can hold and hand out.</em></p>",Color Create Studio,,Print + Ship Product,"fulfillment, print, ship, juice pouch, Print + Ship, Print + Ship Product",FALSE,Delivery,Digital Print + Send,,,,,FULFILLJUICEPO-01,0,,,continue,manual,9.00,,FALSE,TRUE,,,,,FALSE,Juice Pouch Labels | Color Create Studio,,draft
fulfill-juice-pouch-labels,,,,,,,FALSE,Delivery,Print + Ship,,,,,FULFILLJUICEPO-02,250,,,continue,manual,26.00,,TRUE,TRUE,,,,,FALSE,,,draft
fulfill-candy-wrappers,Candy Wrappers,"<p>Your candy wrapper, your way. Get the finished design delivered digitally to print yourself, or let us print and ship the done-for-you product straight to your door.</p><p><em>Sharp, ready-to-print visuals, clear delivery options, a product you can hold and hand out.</em></p>",Color Create Studio,,Print + Ship Product,"fulfillment, print, ship, candy wrapper, Print + Ship, Print + Ship Product",FALSE,Delivery,Digital Print + Send,,,,,FULFILLCANDYWR-01,0,,,continue,manual,9.00,,FALSE,TRUE,,,,,FALSE,Candy Wrappers | Color Create Studio,,draft
fulfill-candy-wrappers,,,,,,,FALSE,Delivery,Print + Ship,,,,,FULFILLCANDYWR-02,250,,,continue,manual,26.00,,TRUE,TRUE,,,,,FALSE,,,draft
fulfill-custom-posters,Custom Posters,"<p>Your poster, your way. Get the finished design delivered digitally to print yourself, or let us print and ship the done-for-you product straight to your door.</p><p><em>Sharp, ready-to-print visuals, clear delivery options, a product you can hold and hand out.</em></p>",Color Create Studio,,Print + Ship Product,"fulfillment, print, ship, poster, Print + Ship, Print + Ship Product",FALSE,Delivery,Digital Print + Send,,,,,FULFILLCUSTOMP-01,0,,,continue,manual,14.00,,FALSE,TRUE,,,,,FALSE,Custom Posters | Color Create Studio,,draft
fulfill-custom-posters,,,,,,,FALSE,Delivery,Print + Ship,,,,,FULFILLCUSTOMP-02,250,,,continue,manual,40.00,,TRUE,TRUE,,,,,FALSE,,,draft
fulfill-memorial-cards,Memorial Cards,"<p>Your memorial card, your way. Get the finished design delivered digitally to print yourself, or let us print and ship the done-for-you product straight to your door.</p><p><em>Sharp, ready-to-print visuals, clear delivery options, a product you can hold and hand out.</em></p>",Color Create Studio,,Print + Ship Product,"fulfillment, print, ship, memorial card, Print + Ship, Print + Ship Product",FALSE,Delivery,Digital Print + Send,,,,,FULFILLMEMORIA-01,0,,,continue,manual,12.00,,FALSE,TRUE,,,,,FALSE,Memorial Cards | Color Create Studio,,draft
fulfill-memorial-cards,,,,,,,FALSE,Delivery,Print + Ship,,,,,FULFILLMEMORIA-02,250,,,continue,manual,32.00,,TRUE,TRUE,,,,,FALSE,,,draft
fulfill-business-cards,Business Cards,"<p>Your business card, your way. Get the finished design delivered digitally to print yourself, or let us print and ship the done-for-you product straight to your door.</p><p><em>Sharp, ready-to-print visuals, clear delivery options, a product you can hold and hand out.</em></p>",Color Create Studio,,Print + Ship Product,"fulfillment, print, ship, business card, Print + Ship, Print + Ship Product",FALSE,Delivery,Digital Print + Send,,,,,FULFILLBUSINES-01,0,,,continue,manual,12.00,,FALSE,TRUE,,,,,FALSE,Business Cards | Color Create Studio,,draft
fulfill-business-cards,,,,,,,FALSE,Delivery,Print + Ship,,,,,FULFILLBUSINES-02,250,,,continue,manual,34.00,,TRUE,TRUE,,,,,FALSE,,,draft
fulfill-business-flyers,Business Flyers,"<p>Your business flyer, your way. Get the finished design delivered digitally to print yourself, or let us print and ship the done-for-you product straight to your door.</p><p><em>Sharp, ready-to-print visuals, clear delivery options, a product you can hold and hand out.</em></p>",Color Create Studio,,Print + Ship Product,"fulfillment, print, ship, business flyer, Print + Ship, Print + Ship Product",FALSE,Delivery,Digital Print + Send,,,,,FULFILLBUSINES-01X,0,,,continue,manual,12.00,,FALSE,TRUE,,,,,FALSE,Business Flyers | Color Create Studio,,draft
fulfill-business-flyers,,,,,,,FALSE,Delivery,Print + Ship,,,,,FULFILLBUSINES-02X,250,,,continue,manual,34.00,,TRUE,TRUE,,,,,FALSE,,,draft
fulfill-stickers,Stickers,"<p>Your sticker, your way. Get the finished design delivered digitally to print yourself, or let us print and ship the done-for-you product straight to your door.</p><p><em>Sharp, ready-to-print visuals, clear delivery options, a product you can hold and hand out.</em></p>",Color Create Studio,,Print + Ship Product,"fulfillment, print, ship, sticker, Print + Ship, Print + Ship Product",FALSE,Delivery,Digital Print + Send,,,,,FULFILLSTICKER-01X,0,,,continue,manual,6.00,,FALSE,TRUE,,,,,FALSE,Stickers | Color Create Studio,,draft
fulfill-stickers,,,,,,,FALSE,Delivery,Print + Ship,,,,,FULFILLSTICKER-02X,250,,,continue,manual,18.00,,TRUE,TRUE,,,,,FALSE,,,draft
fulfill-sticker-sheets,Sticker Sheets,"<p>Your sticker sheet, your way. Get the finished design delivered digitally to print yourself, or let us print and ship the done-for-you product straight to your door.</p><p><em>Sharp, ready-to-print visuals, clear delivery options, a product you can hold and hand out.</em></p>",Color Create Studio,,Print + Ship Product,"fulfillment, print, ship, sticker sheet, Print + Ship, Print + Ship Product",FALSE,Delivery,Digital Print + Send,,,,,FULFILLSTICKER-01XX,0,,,continue,manual,8.00,,FALSE,TRUE,,,,,FALSE,Sticker Sheets | Color Create Studio,,draft
fulfill-sticker-sheets,,,,,,,FALSE,Delivery,Print + Ship,,,,,FULFILLSTICKER-02XX,250,,,continue,manual,22.00,,TRUE,TRUE,,,,,FALSE,,,draft
fulfill-shirts,Custom Shirts,"<p>Your shirt, your way. Get the finished design delivered digitally to print yourself, or let us print and ship the done-for-you product straight to your door.</p><p><em>Sharp, ready-to-print visuals, clear delivery options, a product you can hold and hand out.</em></p>",Color Create Studio,,Print + Ship Product,"fulfillment, print, ship, shirt, Print + Ship, Print + Ship Product",FALSE,Delivery,Digital Print + Send,,,,,FULFILLSHIRTS-01,0,,,continue,manual,32.00,,FALSE,TRUE,,,,,FALSE,Custom Shirts | Color Create Studio,,draft
fulfill-shirts,,,,,,,FALSE,Delivery,Print + Ship,,,,,FULFILLSHIRTS-02,250,,,continue,manual,55.00,,TRUE,TRUE,,,,,FALSE,,,draft
fulfill-handmade-books,Handmade Books,"<p>Your handmade book, your way. Get the finished design delivered digitally to print yourself, or let us print and ship the done-for-you product straight to your door.</p><p><em>Sharp, ready-to-print visuals, clear delivery options, a product you can hold and hand out.</em></p>",Color Create Studio,,Print + Ship Product,"fulfillment, print, ship, handmade book, Print + Ship, Print + Ship Product",FALSE,Delivery,Digital Print + Send,,,,,FULFILLHANDMAD-01,0,,,continue,manual,18.00,,FALSE,TRUE,,,,,FALSE,Handmade Books | Color Create Studio,,draft
fulfill-handmade-books,,,,,,,FALSE,Delivery,Print + Ship,,,,,FULFILLHANDMAD-02,250,,,continue,manual,45.00,,TRUE,TRUE,,,,,FALSE,,,draft
fulfill-journals,Journals,"<p>Your journal, your way. Get the finished design delivered digitally to print yourself, or let us print and ship the done-for-you product straight to your door.</p><p><em>Sharp, ready-to-print visuals, clear delivery options, a product you can hold and hand out.</em></p>",Color Create Studio,,Print + Ship Product,"fulfillment, print, ship, journal, Print + Ship, Print + Ship Product",FALSE,Delivery,Digital Print + Send,,,,,FULFILLJOURNAL-01,0,,,continue,manual,16.00,,FALSE,TRUE,,,,,FALSE,Journals | Color Create Studio,,draft
fulfill-journals,,,,,,,FALSE,Delivery,Print + Ship,,,,,FULFILLJOURNAL-02,250,,,continue,manual,38.00,,TRUE,TRUE,,,,,FALSE,,,draft
fulfill-coloring-books,Coloring Books,"<p>Your coloring book, your way. Get the finished design delivered digitally to print yourself, or let us print and ship the done-for-you product straight to your door.</p><p><em>Sharp, ready-to-print visuals, clear delivery options, a product you can hold and hand out.</em></p>",Color Create Studio,,Print + Ship Product,"fulfillment, print, ship, coloring book, Print + Ship, Print + Ship Product",FALSE,Delivery,Digital Print + Send,,,,,FULFILLCOLORIN-01,0,,,continue,manual,14.00,,FALSE,TRUE,,,,,FALSE,Coloring Books | Color Create Studio,,draft
fulfill-coloring-books,,,,,,,FALSE,Delivery,Print + Ship,,,,,FULFILLCOLORIN-02,250,,,continue,manual,32.00,,TRUE,TRUE,,,,,FALSE,,,draft
fulfill-activity-books,Activity Books,"<p>Your activity book, your way. Get the finished design delivered digitally to print yourself, or let us print and ship the done-for-you product straight to your door.</p><p><em>Sharp, ready-to-print visuals, clear delivery options, a product you can hold and hand out.</em></p>",Color Create Studio,,Print + Ship Product,"fulfillment, print, ship, activity book, Print + Ship, Print + Ship Product",FALSE,Delivery,Digital Print + Send,,,,,FULFILLACTIVIT-01,0,,,continue,manual,14.00,,FALSE,TRUE,,,,,FALSE,Activity Books | Color Create Studio,,draft
fulfill-activity-books,,,,,,,FALSE,Delivery,Print + Ship,,,,,FULFILLACTIVIT-02,250,,,continue,manual,32.00,,TRUE,TRUE,,,,,FALSE,,,draft
digital-printable-bundle-send,Digital Printable Bundle + Send,"<p>A full set of coordinated printables delivered digitally - print at home, print anywhere.</p>",Color Create Studio,,Bundle,"digital, printable, bundle, Digital Print + Send, Bundle",FALSE,Delivery,Digital + Send,,,,,DIGITALPRINTAB-01,0,,,continue,manual,45.00,,FALSE,TRUE,,,,,FALSE,Digital Printable Bundle + Send | Color Create Studio,,draft
print-ship-event-bundle,Print + Ship Event Bundle,"<p>The whole event, printed and shipped to you - invites, signs, favors, and more, done for you.</p>",Color Create Studio,,Bundle,"print, ship, event, bundle, Print + Ship, Bundle",FALSE,Bundle,Full Event,,,,,PRINTSHIPEVENT-01,600,,,continue,manual,145.00,,TRUE,TRUE,,,,,FALSE,Print + Ship Event Bundle | Color Create Studio,,draft
print-ship-creative-bundle,Print + Ship Creative Bundle,"<p>A mix of our handmade creative products, printed, bound, and shipped ready to enjoy or gift.</p>",Color Create Studio,,Bundle,"print, ship, creative, bundle, Print + Ship, Bundle",FALSE,Bundle,Creative Set,,,,,PRINTSHIPCREAT-01,500,,,continue,manual,65.00,,TRUE,TRUE,,,,,FALSE,Print + Ship Creative Bundle | Color Create Studio,,draft
nova-lai-sweet-squad-starter-pack,Nova Lai Sweet Squad Starter Pack,"<p>The sweetest way to meet the Nova Lai world - a starter pack of coloring, activities, and characters kids fall in love with.</p><p><em>Bright candy colors to see, playful prompts to read together, hands-on pages they can't put down.</em></p>",Nova Lai,,Handmade Physical Product,"nova lai, kids, starter, coloring, Nova Lai Kids Collection, Handmade Physical Product",FALSE,Edition,Digital Download,,,,,NOVALAISWEETSQ-01,0,,,continue,manual,10.00,,FALSE,TRUE,,,,,FALSE,Nova Lai Sweet Squad Starter Pack | Color Create Studio,,draft
nova-lai-sweet-squad-starter-pack,,,,,,,FALSE,Edition,Print + Ship,,,,,NOVALAISWEETSQ-02,350,,,continue,manual,24.00,,TRUE,TRUE,,,,,FALSE,,,draft
nova-lai-sweet-squad-starter-pack,,,,,,,FALSE,Edition,Premium Handmade,,,,,NOVALAISWEETSQ-03,450,,,continue,manual,42.00,,TRUE,TRUE,,,,,FALSE,,,draft
nova-lai-sweet-treats-coloring-book,Nova Lai Sweet Treats Coloring Book,"<p>A Nova Lai coloring book packed with screen-free fun - bold, easy, and made to keep kids creating for hours.</p>",Nova Lai,,Handmade Physical Product,"nova lai, kids, coloring book, Nova Lai Kids Collection, Handmade Physical Product",FALSE,Edition,Digital Download,,,,,NOVALAISWEETTR-01,0,,,continue,manual,9.00,,FALSE,TRUE,,,,,FALSE,Nova Lai Sweet Treats Coloring Book | Color Create Studio,,draft
nova-lai-sweet-treats-coloring-book,,,,,,,FALSE,Edition,Print + Ship,,,,,NOVALAISWEETTR-02,350,,,continue,manual,22.00,,TRUE,TRUE,,,,,FALSE,,,draft
nova-lai-sweet-treats-coloring-book,,,,,,,FALSE,Edition,Premium Handmade,,,,,NOVALAISWEETTR-03,450,,,continue,manual,39.00,,TRUE,TRUE,,,,,FALSE,,,draft
nova-lai-sweet-treats-activity-pack,Nova Lai Sweet Treats Activity Pack,"<p>A Nova Lai activity pack packed with screen-free fun - bold, easy, and made to keep kids creating for hours.</p>",Nova Lai,,Handmade Physical Product,"nova lai, kids, activity pack, Nova Lai Kids Collection, Handmade Physical Product",FALSE,Edition,Digital Download,,,,,NOVALAISWEETTR-01X,0,,,continue,manual,9.00,,FALSE,TRUE,,,,,FALSE,Nova Lai Sweet Treats Activity Pack | Color Create Studio,,draft
nova-lai-sweet-treats-activity-pack,,,,,,,FALSE,Edition,Print + Ship,,,,,NOVALAISWEETTR-02X,350,,,continue,manual,22.00,,TRUE,TRUE,,,,,FALSE,,,draft
nova-lai-sweet-treats-activity-pack,,,,,,,FALSE,Edition,Premium Handmade,,,,,NOVALAISWEETTR-03X,450,,,continue,manual,39.00,,TRUE,TRUE,,,,,FALSE,,,draft
the-fun-files-activity-book,The Fun Files Activity Book,"<p>A Nova Lai activity book packed with screen-free fun - bold, easy, and made to keep kids creating for hours.</p>",Nova Lai,,Handmade Physical Product,"nova lai, kids, activity book, Nova Lai Kids Collection, Handmade Physical Product",FALSE,Edition,Digital Download,,,,,THEFUNFILESACT-01,0,,,continue,manual,9.00,,FALSE,TRUE,,,,,FALSE,The Fun Files Activity Book | Color Create Studio,,draft
the-fun-files-activity-book,,,,,,,FALSE,Edition,Print + Ship,,,,,THEFUNFILESACT-02,350,,,continue,manual,22.00,,TRUE,TRUE,,,,,FALSE,,,draft
the-fun-files-activity-book,,,,,,,FALSE,Edition,Premium Handmade,,,,,THEFUNFILESACT-03,450,,,continue,manual,39.00,,TRUE,TRUE,,,,,FALSE,,,draft
word-on-the-street-activity-book,Word on the Street Activity Book,"<p>A Nova Lai activity book packed with screen-free fun - bold, easy, and made to keep kids creating for hours.</p>",Nova Lai,,Handmade Physical Product,"nova lai, kids, activity book, Nova Lai Kids Collection, Handmade Physical Product",FALSE,Edition,Digital Download,,,,,WORDONTHESTREE-01,0,,,continue,manual,9.00,,FALSE,TRUE,,,,,FALSE,Word on the Street Activity Book | Color Create Studio,,draft
word-on-the-street-activity-book,,,,,,,FALSE,Edition,Print + Ship,,,,,WORDONTHESTREE-02,350,,,continue,manual,22.00,,TRUE,TRUE,,,,,FALSE,,,draft
word-on-the-street-activity-book,,,,,,,FALSE,Edition,Premium Handmade,,,,,WORDONTHESTREE-03,450,,,continue,manual,39.00,,TRUE,TRUE,,,,,FALSE,,,draft
snack-attack-activity-book,Snack Attack Activity Book,"<p>A Nova Lai activity book packed with screen-free fun - bold, easy, and made to keep kids creating for hours.</p>",Nova Lai,,Handmade Physical Product,"nova lai, kids, activity book, Nova Lai Kids Collection, Handmade Physical Product",FALSE,Edition,Digital Download,,,,,SNACKATTACKACT-01,0,,,continue,manual,9.00,,FALSE,TRUE,,,,,FALSE,Snack Attack Activity Book | Color Create Studio,,draft
snack-attack-activity-book,,,,,,,FALSE,Edition,Print + Ship,,,,,SNACKATTACKACT-02,350,,,continue,manual,22.00,,TRUE,TRUE,,,,,FALSE,,,draft
snack-attack-activity-book,,,,,,,FALSE,Edition,Premium Handmade,,,,,SNACKATTACKACT-03,450,,,continue,manual,39.00,,TRUE,TRUE,,,,,FALSE,,,draft
custom-kids-coloring-page,Custom Kids Coloring Page,"<p>A personalized coloring page made just for your child - their name, their theme, their imagination.</p><p><em>Their name in big bold letters, a story you read together, pages they color with their own hands.</em></p>",Nova Lai,,Personalized Product,"nova lai, kids, custom, coloring page, Nova Lai Kids Collection, Personalized Product",FALSE,Delivery,Digital Download,,,,,CUSTOMKIDSCOLO-01,0,,,continue,manual,8.00,,FALSE,TRUE,,,,,FALSE,Custom Kids Coloring Page | Color Create Studio,,draft
custom-kids-coloring-page,,,,,,,FALSE,Delivery,Print + Ship,,,,,CUSTOMKIDSCOLO-02,200,,,continue,manual,22.00,,TRUE,TRUE,,,,,FALSE,,,draft
custom-kids-activity-sheet,Custom Kids Activity Sheet,"<p>A personalized activity sheet made just for your child - their name, their theme, their imagination.</p><p><em>Their name in big bold letters, a story you read together, pages they color with their own hands.</em></p>",Nova Lai,,Personalized Product,"nova lai, kids, custom, activity sheet, Nova Lai Kids Collection, Personalized Product",FALSE,Delivery,Digital Download,,,,,CUSTOMKIDSACTI-01,0,,,continue,manual,8.00,,FALSE,TRUE,,,,,FALSE,Custom Kids Activity Sheet | Color Create Studio,,draft
custom-kids-activity-sheet,,,,,,,FALSE,Delivery,Print + Ship,,,,,CUSTOMKIDSACTI-02,200,,,continue,manual,22.00,,TRUE,TRUE,,,,,FALSE,,,draft
personalized-name-coloring-page,Personalized Name Coloring Page,"<p>A personalized name page made just for your child - their name, their theme, their imagination.</p><p><em>Their name in big bold letters, a story you read together, pages they color with their own hands.</em></p>",Nova Lai,,Personalized Product,"nova lai, kids, custom, name page, Nova Lai Kids Collection, Personalized Product",FALSE,Delivery,Digital Download,,,,,PERSONALIZEDNA-01,0,,,continue,manual,8.00,,FALSE,TRUE,,,,,FALSE,Personalized Name Coloring Page | Color Create Studio,,draft
personalized-name-coloring-page,,,,,,,FALSE,Delivery,Print + Ship,,,,,PERSONALIZEDNA-02,200,,,continue,manual,22.00,,TRUE,TRUE,,,,,FALSE,,,draft
custom-kids-birthday-activity-pack,Custom Kids Birthday Activity Pack,"<p>A custom birthday activity pack designed to keep kids engaged, learning, and away from screens.</p>",Nova Lai,,Digital Download,"nova lai, kids, birthday, Nova Lai Kids Collection, Digital Download",FALSE,Delivery,Digital Download,,,,,CUSTOMKIDSBIRT-01X,0,,,continue,manual,18.00,,FALSE,TRUE,,,,,FALSE,Custom Kids Birthday Activity Pack | Color Create Studio,,draft
custom-classroom-activity-pack,Custom Classroom Activity Pack,"<p>A custom classroom activity pack designed to keep kids engaged, learning, and away from screens.</p>",Nova Lai,,Digital Download,"nova lai, kids, classroom, Nova Lai Kids Collection, Digital Download",FALSE,Delivery,Digital Download,,,,,CUSTOMCLASSROO-01,0,,,continue,manual,22.00,,FALSE,TRUE,,,,,FALSE,Custom Classroom Activity Pack | Color Create Studio,,draft
custom-homeschool-activity-pack,Custom Homeschool Activity Pack,"<p>A custom homeschool activity pack designed to keep kids engaged, learning, and away from screens.</p>",Nova Lai,,Digital Download,"nova lai, kids, homeschool, Nova Lai Kids Collection, Digital Download",FALSE,Delivery,Digital Download,,,,,CUSTOMHOMESCHO-01,0,,,continue,manual,22.00,,FALSE,TRUE,,,,,FALSE,Custom Homeschool Activity Pack | Color Create Studio,,draft
custom-screen-free-activity-bundle,Custom Screen-Free Activity Bundle,"<p>A custom screen-free activity pack designed to keep kids engaged, learning, and away from screens.</p>",Nova Lai,,Digital Download,"nova lai, kids, screen-free, Nova Lai Kids Collection, Digital Download",FALSE,Delivery,Digital Download,,,,,CUSTOMSCREENFR-01,0,,,continue,manual,28.00,,FALSE,TRUE,,,,,FALSE,Custom Screen-Free Activity Bundle | Color Create Studio,,draft
personalized-kids-coloring-book,Personalized Kids Coloring Book,<p>A whole coloring book starring your child - personalized pages they'll be obsessed with.</p>,Nova Lai,,Personalized Product,"nova lai, kids, personalized, coloring, Nova Lai Kids Collection, Personalized Product",FALSE,Edition,Digital Download,,,,,PERSONALIZEDKI-01,0,,,continue,manual,14.00,,FALSE,TRUE,,,,,FALSE,Personalized Kids Coloring Book | Color Create Studio,,draft
personalized-kids-coloring-book,,,,,,,FALSE,Edition,Print + Ship,,,,,PERSONALIZEDKI-02,350,,,continue,manual,30.00,,TRUE,TRUE,,,,,FALSE,,,draft
personalized-kids-coloring-book,,,,,,,FALSE,Edition,Premium Handmade,,,,,PERSONALIZEDKI-03,450,,,continue,manual,48.00,,TRUE,TRUE,,,,,FALSE,,,draft
top-bound-kids-activity-book,Top-Bound Kids Activity Book,<p>A premium top-bound activity book built for little hands and big imaginations.</p>,Nova Lai,,Handmade Physical Product,"nova lai, kids, activity, Nova Lai Kids Collection, Handmade Physical Product",FALSE,Edition,Digital Download,,,,,TOPBOUNDKIDSAC-01,0,,,continue,manual,12.00,,FALSE,TRUE,,,,,FALSE,Top-Bound Kids Activity Book | Color Create Studio,,draft
top-bound-kids-activity-book,,,,,,,FALSE,Edition,Print + Ship,,,,,TOPBOUNDKIDSAC-02,350,,,continue,manual,28.00,,TRUE,TRUE,,,,,FALSE,,,draft
top-bound-kids-activity-book,,,,,,,FALSE,Edition,Premium Handmade,,,,,TOPBOUNDKIDSAC-03,450,,,continue,manual,45.00,,TRUE,TRUE,,,,,FALSE,,,draft
my-imagination-is-mia,My Imagination Is M.I.A.,"<p>A heartfelt story that reignites a child's imagination when it goes missing - a modern classic about creativity and wonder.</p><p><em>Rich illustrations to gaze at, a rhythm made for reading aloud, a story kids feel in their chest.</em></p>",Color Create Studio,,Handmade Physical Product,"story book, imagination, children, Children's Story Books, Handmade Physical Product",FALSE,Edition,Digital Download,,,,,MYIMAGINATIONI-01,0,,,continue,manual,12.00,,FALSE,TRUE,,,,,FALSE,My Imagination Is M.I.A. | Color Create Studio,,draft
my-imagination-is-mia,,,,,,,FALSE,Edition,Print + Ship,,,,,MYIMAGINATIONI-02,350,,,continue,manual,28.00,,TRUE,TRUE,,,,,FALSE,,,draft
my-imagination-is-mia,,,,,,,FALSE,Edition,Premium Handmade,,,,,MYIMAGINATIONI-03,450,,,continue,manual,52.00,,TRUE,TRUE,,,,,FALSE,,,draft
the-river-of-plenty,The River of Plenty,"<p>A beautiful tale of abundance and gratitude that teaches children there is always more than enough.</p><p><em>Lush riverside art, a soothing read-aloud cadence, a lesson kids carry with them.</em></p>",Color Create Studio,,Handmade Physical Product,"story book, abundance, gratitude, children, Children's Story Books, Handmade Physical Product",FALSE,Edition,Digital Download,,,,,THERIVEROFPLEN-01,0,,,continue,manual,12.00,,FALSE,TRUE,,,,,FALSE,The River of Plenty | Color Create Studio,,draft
the-river-of-plenty,,,,,,,FALSE,Edition,Print + Ship,,,,,THERIVEROFPLEN-02,350,,,continue,manual,28.00,,TRUE,TRUE,,,,,FALSE,,,draft
the-river-of-plenty,,,,,,,FALSE,Edition,Premium Handmade,,,,,THERIVEROFPLEN-03,450,,,continue,manual,52.00,,TRUE,TRUE,,,,,FALSE,,,draft
personalized-childrens-story-book,Personalized Children's Story Book,"<p>Make your child the hero of their own story - personalized name, look, and adventure in a keepsake book.</p><p><em>Their face on the page, their name in the story, a book they hold long after bedtime.</em></p>",Color Create Studio,,Personalized Product,"story book, personalized, children, Children's Story Books, Personalized Product",FALSE,Edition,Digital Download,,,,,PERSONALIZEDCH-01,0,,,continue,manual,18.00,,FALSE,TRUE,,,,,FALSE,Personalized Children's Story Book | Color Create Studio,,draft
personalized-childrens-story-book,,,,,,,FALSE,Edition,Print + Ship,,,,,PERSONALIZEDCH-02,350,,,continue,manual,42.00,,TRUE,TRUE,,,,,FALSE,,,draft
personalized-childrens-story-book,,,,,,,FALSE,Edition,Premium Handmade,,,,,PERSONALIZEDCH-03,450,,,continue,manual,75.00,,TRUE,TRUE,,,,,FALSE,,,draft
custom-childrens-story-writing,Custom Children's Story Book Writing Package,"<p>Professional children's book writing - we bring your story to life with craft, heart, and publish-ready quality.</p>",Color Create Studio,,Custom Design Service,"story book, custom, service, writing, Children's Story Books, Custom Design Service",FALSE,Service,Custom Project,,,,,CUSTOMCHILDREN-01,0,,,continue,manual,450.00,,FALSE,TRUE,,,,,FALSE,Custom Children's Story Book Writing Package | Color Create Studio,,draft
custom-childrens-story-illustration,Custom Children's Story Book Illustration Package,"<p>Professional children's book illustration - we bring your story to life with craft, heart, and publish-ready quality.</p>",Color Create Studio,,Custom Design Service,"story book, custom, service, illustration, Children's Story Books, Custom Design Service",FALSE,Service,Custom Project,,,,,CUSTOMCHILDREN-01X,0,,,continue,manual,650.00,,FALSE,TRUE,,,,,FALSE,Custom Children's Story Book Illustration Package | Color Create Studio,,draft
custom-childrens-story-design-layout,Custom Children's Story Book Design + Layout,"<p>Professional children's book layout - we bring your story to life with craft, heart, and publish-ready quality.</p>",Color Create Studio,,Custom Design Service,"story book, custom, service, layout, Children's Story Books, Custom Design Service",FALSE,Service,Custom Project,,,,,CUSTOMCHILDREN-01XX,0,,,continue,manual,350.00,,FALSE,TRUE,,,,,FALSE,Custom Children's Story Book Design + Layout | Color Create Studio,,draft
childrens-book-cover-design,Children's Book Cover Design,"<p>Professional children's book cover - we bring your story to life with craft, heart, and publish-ready quality.</p>",Color Create Studio,,Custom Design Service,"story book, custom, service, cover, Children's Story Books, Custom Design Service",FALSE,Service,Custom Project,,,,,CHILDRENSBOOKC-01,0,,,continue,manual,165.00,,FALSE,TRUE,,,,,FALSE,Children's Book Cover Design | Color Create Studio,,draft
childrens-book-interior-formatting,Children's Book Interior Formatting,"<p>Professional children's book formatting - we bring your story to life with craft, heart, and publish-ready quality.</p>",Color Create Studio,,Custom Design Service,"story book, custom, service, formatting, Children's Story Books, Custom Design Service",FALSE,Service,Custom Project,,,,,CHILDRENSBOOKI-01,0,,,continue,manual,145.00,,FALSE,TRUE,,,,,FALSE,Children's Book Interior Formatting | Color Create Studio,,draft
childrens-story-character-sheet,Children's Story Book Character Sheet,"<p>Professional children's book character - we bring your story to life with craft, heart, and publish-ready quality.</p>",Color Create Studio,,Custom Design Service,"story book, custom, service, character, Children's Story Books, Custom Design Service",FALSE,Service,Custom Project,,,,,CHILDRENSSTORY-01,0,,,continue,manual,95.00,,FALSE,TRUE,,,,,FALSE,Children's Story Book Character Sheet | Color Create Studio,,draft
childrens-story-scene-reference,Children's Story Book Scene Reference Package,"<p>Professional children's book scene - we bring your story to life with craft, heart, and publish-ready quality.</p>",Color Create Studio,,Custom Design Service,"story book, custom, service, scene, Children's Story Books, Custom Design Service",FALSE,Service,Custom Project,,,,,CHILDRENSSTORY-01X,0,,,continue,manual,145.00,,FALSE,TRUE,,,,,FALSE,Children's Story Book Scene Reference Package | Color Create Studio,,draft
childrens-story-companion-activity,Children's Story Book Companion Activity Pack,<p>A activity companion that extends the story off the page.</p>,Color Create Studio,,Digital Download,"story book, activity, add-on, Children's Story Books, Digital Download",FALSE,Delivery,Digital Download,,,,,CHILDRENSSTORY-01XX,0,,,continue,manual,12.00,,FALSE,TRUE,,,,,FALSE,Children's Story Book Companion Activity Pack | Color Create Studio,,draft
childrens-story-coloring-add-on,Children's Story Book Coloring Page Add-On,<p>A coloring companion that extends the story off the page.</p>,Color Create Studio,,Digital Download,"story book, coloring, add-on, Children's Story Books, Digital Download",FALSE,Delivery,Digital Download,,,,,CHILDRENSSTORY-01XXX,0,,,continue,manual,8.00,,FALSE,TRUE,,,,,FALSE,Children's Story Book Coloring Page Add-On | Color Create Studio,,draft
childrens-story-worksheet-add-on,Children's Story Book Printable Worksheet Add-On,<p>A worksheet companion that extends the story off the page.</p>,Color Create Studio,,Digital Download,"story book, worksheet, add-on, Children's Story Books, Digital Download",FALSE,Delivery,Digital Download,,,,,CHILDRENSSTORY-01XXXX,0,,,continue,manual,8.00,,FALSE,TRUE,,,,,FALSE,Children's Story Book Printable Worksheet Add-On | Color Create Studio,,draft
father-daughter-story-collection,Father-Daughter Story Book Collection,"<p>A father-daughter story collection made to be treasured, gifted, and read again and again.</p>",Color Create Studio,,Bundle,"story book, collection, father-daughter, Children's Story Books, Bundle",FALSE,Edition,Gift Collection,,,,,FATHERDAUGHTER-01,700,,,continue,manual,95.00,,TRUE,TRUE,,,,,FALSE,Father-Daughter Story Book Collection | Color Create Studio,,draft
abundance-gratitude-story-collection,Abundance & Gratitude Story Book Collection,"<p>A abundance story collection made to be treasured, gifted, and read again and again.</p>",Color Create Studio,,Bundle,"story book, collection, abundance, Children's Story Books, Bundle",FALSE,Edition,Gift Collection,,,,,ABUNDANCEGRATI-01,700,,,continue,manual,95.00,,TRUE,TRUE,,,,,FALSE,Abundance & Gratitude Story Book Collection | Color Create Studio,,draft
imagination-creativity-story-collection,Imagination & Creativity Story Book Collection,"<p>A imagination story collection made to be treasured, gifted, and read again and again.</p>",Color Create Studio,,Bundle,"story book, collection, imagination, Children's Story Books, Bundle",FALSE,Edition,Gift Collection,,,,,IMAGINATIONCRE-01,700,,,continue,manual,95.00,,TRUE,TRUE,,,,,FALSE,Imagination & Creativity Story Book Collection | Color Create Studio,,draft
custom-bedtime-story-gift-book,Custom Bedtime Story Gift Book,"<p>A bedtime gift story collection made to be treasured, gifted, and read again and again.</p>",Color Create Studio,,Bundle,"story book, collection, bedtime gift, Children's Story Books, Bundle",FALSE,Edition,Gift Collection,,,,,CUSTOMBEDTIMES-01,700,,,continue,manual,65.00,,TRUE,TRUE,,,,,FALSE,Custom Bedtime Story Gift Book | Color Create Studio,,draft
trap-n-chill-coloring-activity-book,Trap N' Chill Coloring & Activity Book,"<p>Trap N' Chill coloring & activity - bold-and-easy adult coloring and activities made to help you unwind, laugh, and vibe.</p><p><em>High-contrast art easy on the eyes, a relaxed mood you can almost hear, big open spaces your hands love to fill.</em></p>",Trap N' Chill,,Handmade Physical Product,"trap n chill, adult, coloring, coloring & activity, Trap N' Chill Adult Collection, Handmade Physical Product",FALSE,Edition,Digital Download,Handedness,Standard,,,TRAPNCHILLCOLO-01,0,,,continue,manual,12.00,,FALSE,TRUE,,,,,FALSE,Trap N' Chill Coloring & Activity Book | Color Create Studio,,draft
trap-n-chill-coloring-activity-book,,,,,,,FALSE,Edition,Print + Ship,Handedness,Right-Handed,,,TRAPNCHILLCOLO-02,350,,,continue,manual,26.00,,TRUE,TRUE,,,,,FALSE,,,draft
trap-n-chill-coloring-activity-book,,,,,,,FALSE,Edition,Print + Ship,Handedness,Left-Handed,,,TRAPNCHILLCOLO-03,350,,,continue,manual,26.00,,TRUE,TRUE,,,,,FALSE,,,draft
trap-n-chill-coloring-activity-book,,,,,,,FALSE,Edition,Premium Handmade,Handedness,Right-Handed,,,TRAPNCHILLCOLO-04,450,,,continue,manual,49.00,,TRUE,TRUE,,,,,FALSE,,,draft
trap-n-chill-coloring-activity-book,,,,,,,FALSE,Edition,Premium Handmade,Handedness,Left-Handed,,,TRAPNCHILLCOLO-05,450,,,continue,manual,49.00,,TRUE,TRUE,,,,,FALSE,,,draft
beauty-glam-coloring-activity-book,Beauty & Glam Coloring & Activity Book,"<p>Trap N' Chill beauty & glam - bold-and-easy adult coloring and activities made to help you unwind, laugh, and vibe.</p><p><em>High-contrast art easy on the eyes, a relaxed mood you can almost hear, big open spaces your hands love to fill.</em></p>",Trap N' Chill,,Handmade Physical Product,"trap n chill, adult, coloring, beauty & glam, Trap N' Chill Adult Collection, Handmade Physical Product",FALSE,Edition,Digital Download,Handedness,Standard,,,BEAUTYGLAMCOLO-01,0,,,continue,manual,12.00,,FALSE,TRUE,,,,,FALSE,Beauty & Glam Coloring & Activity Book | Color Create Studio,,draft
beauty-glam-coloring-activity-book,,,,,,,FALSE,Edition,Print + Ship,Handedness,Right-Handed,,,BEAUTYGLAMCOLO-02,350,,,continue,manual,26.00,,TRUE,TRUE,,,,,FALSE,,,draft
beauty-glam-coloring-activity-book,,,,,,,FALSE,Edition,Print + Ship,Handedness,Left-Handed,,,BEAUTYGLAMCOLO-03,350,,,continue,manual,26.00,,TRUE,TRUE,,,,,FALSE,,,draft
beauty-glam-coloring-activity-book,,,,,,,FALSE,Edition,Premium Handmade,Handedness,Right-Handed,,,BEAUTYGLAMCOLO-04,450,,,continue,manual,49.00,,TRUE,TRUE,,,,,FALSE,,,draft
beauty-glam-coloring-activity-book,,,,,,,FALSE,Edition,Premium Handmade,Handedness,Left-Handed,,,BEAUTYGLAMCOLO-05,450,,,continue,manual,49.00,,TRUE,TRUE,,,,,FALSE,,,draft
sweet-treats-adult-coloring-book,Sweet Treats Adult Coloring & Activity Book,"<p>Trap N' Chill sweet treats - bold-and-easy adult coloring and activities made to help you unwind, laugh, and vibe.</p><p><em>High-contrast art easy on the eyes, a relaxed mood you can almost hear, big open spaces your hands love to fill.</em></p>",Trap N' Chill,,Handmade Physical Product,"trap n chill, adult, coloring, sweet treats, Trap N' Chill Adult Collection, Handmade Physical Product",FALSE,Edition,Digital Download,Handedness,Standard,,,SWEETTREATSADU-01,0,,,continue,manual,12.00,,FALSE,TRUE,,,,,FALSE,Sweet Treats Adult Coloring & Activity Book | Color Create Studio,,draft
sweet-treats-adult-coloring-book,,,,,,,FALSE,Edition,Print + Ship,Handedness,Right-Handed,,,SWEETTREATSADU-02,350,,,continue,manual,26.00,,TRUE,TRUE,,,,,FALSE,,,draft
sweet-treats-adult-coloring-book,,,,,,,FALSE,Edition,Print + Ship,Handedness,Left-Handed,,,SWEETTREATSADU-03,350,,,continue,manual,26.00,,TRUE,TRUE,,,,,FALSE,,,draft
sweet-treats-adult-coloring-book,,,,,,,FALSE,Edition,Premium Handmade,Handedness,Right-Handed,,,SWEETTREATSADU-04,450,,,continue,manual,49.00,,TRUE,TRUE,,,,,FALSE,,,draft
sweet-treats-adult-coloring-book,,,,,,,FALSE,Edition,Premium Handmade,Handedness,Left-Handed,,,SWEETTREATSADU-05,450,,,continue,manual,49.00,,TRUE,TRUE,,,,,FALSE,,,draft
zaza-and-chill-activity-pack,ZaZa and Chill Activity Pack,"<p>Trap N' Chill zaza & chill - bold-and-easy adult coloring and activities made to help you unwind, laugh, and vibe.</p><p><em>High-contrast art easy on the eyes, a relaxed mood you can almost hear, big open spaces your hands love to fill.</em></p>",Trap N' Chill,,Handmade Physical Product,"trap n chill, adult, coloring, zaza & chill, Trap N' Chill Adult Collection, Handmade Physical Product",FALSE,Edition,Digital Download,Handedness,Standard,,,ZAZAANDCHILLAC-01,0,,,continue,manual,12.00,,FALSE,TRUE,,,,,FALSE,ZaZa and Chill Activity Pack | Color Create Studio,,draft
zaza-and-chill-activity-pack,,,,,,,FALSE,Edition,Print + Ship,Handedness,Right-Handed,,,ZAZAANDCHILLAC-02,350,,,continue,manual,26.00,,TRUE,TRUE,,,,,FALSE,,,draft
zaza-and-chill-activity-pack,,,,,,,FALSE,Edition,Print + Ship,Handedness,Left-Handed,,,ZAZAANDCHILLAC-03,350,,,continue,manual,26.00,,TRUE,TRUE,,,,,FALSE,,,draft
zaza-and-chill-activity-pack,,,,,,,FALSE,Edition,Premium Handmade,Handedness,Right-Handed,,,ZAZAANDCHILLAC-04,450,,,continue,manual,49.00,,TRUE,TRUE,,,,,FALSE,,,draft
zaza-and-chill-activity-pack,,,,,,,FALSE,Edition,Premium Handmade,Handedness,Left-Handed,,,ZAZAANDCHILLAC-05,450,,,continue,manual,49.00,,TRUE,TRUE,,,,,FALSE,,,draft
midnight-munchies-coloring-book,Midnight Munchies Coloring & Activity Book,"<p>Trap N' Chill midnight munchies - bold-and-easy adult coloring and activities made to help you unwind, laugh, and vibe.</p><p><em>High-contrast art easy on the eyes, a relaxed mood you can almost hear, big open spaces your hands love to fill.</em></p>",Trap N' Chill,,Handmade Physical Product,"trap n chill, adult, coloring, midnight munchies, Trap N' Chill Adult Collection, Handmade Physical Product",FALSE,Edition,Digital Download,Handedness,Standard,,,MIDNIGHTMUNCHI-01,0,,,continue,manual,12.00,,FALSE,TRUE,,,,,FALSE,Midnight Munchies Coloring & Activity Book | Color Create Studio,,draft
midnight-munchies-coloring-book,,,,,,,FALSE,Edition,Print + Ship,Handedness,Right-Handed,,,MIDNIGHTMUNCHI-02,350,,,continue,manual,26.00,,TRUE,TRUE,,,,,FALSE,,,draft
midnight-munchies-coloring-book,,,,,,,FALSE,Edition,Print + Ship,Handedness,Left-Handed,,,MIDNIGHTMUNCHI-03,350,,,continue,manual,26.00,,TRUE,TRUE,,,,,FALSE,,,draft
midnight-munchies-coloring-book,,,,,,,FALSE,Edition,Premium Handmade,Handedness,Right-Handed,,,MIDNIGHTMUNCHI-04,450,,,continue,manual,49.00,,TRUE,TRUE,,,,,FALSE,,,draft
midnight-munchies-coloring-book,,,,,,,FALSE,Edition,Premium Handmade,Handedness,Left-Handed,,,MIDNIGHTMUNCHI-05,450,,,continue,manual,49.00,,TRUE,TRUE,,,,,FALSE,,,draft
sentence-enhancers-activity-book,Sentence Enhancers Adult Activity Book,"<p>Trap N' Chill sentence enhancers - bold-and-easy adult coloring and activities made to help you unwind, laugh, and vibe.</p><p><em>High-contrast art easy on the eyes, a relaxed mood you can almost hear, big open spaces your hands love to fill.</em></p>",Trap N' Chill,,Handmade Physical Product,"trap n chill, adult, coloring, sentence enhancers, Trap N' Chill Adult Collection, Handmade Physical Product",FALSE,Edition,Digital Download,Handedness,Standard,,,SENTENCEENHANC-01,0,,,continue,manual,12.00,,FALSE,TRUE,,,,,FALSE,Sentence Enhancers Adult Activity Book | Color Create Studio,,draft
sentence-enhancers-activity-book,,,,,,,FALSE,Edition,Print + Ship,Handedness,Right-Handed,,,SENTENCEENHANC-02,350,,,continue,manual,26.00,,TRUE,TRUE,,,,,FALSE,,,draft
sentence-enhancers-activity-book,,,,,,,FALSE,Edition,Print + Ship,Handedness,Left-Handed,,,SENTENCEENHANC-03,350,,,continue,manual,26.00,,TRUE,TRUE,,,,,FALSE,,,draft
sentence-enhancers-activity-book,,,,,,,FALSE,Edition,Premium Handmade,Handedness,Right-Handed,,,SENTENCEENHANC-04,450,,,continue,manual,49.00,,TRUE,TRUE,,,,,FALSE,,,draft
sentence-enhancers-activity-book,,,,,,,FALSE,Edition,Premium Handmade,Handedness,Left-Handed,,,SENTENCEENHANC-05,450,,,continue,manual,49.00,,TRUE,TRUE,,,,,FALSE,,,draft
trap-n-chill-sticker-sheet,Trap N' Chill Sticker Sheet,"<p>A Trap N' Chill sticker pack to add to your self-care lineup - good vibes, bold design.</p>",Trap N' Chill,,Print + Ship Product,"trap n chill, adult, sticker, Trap N' Chill Adult Collection, Print + Ship Product",FALSE,Type,Standard,,,,,TRAPNCHILLSTIC-01,30,,,continue,manual,8.00,,TRUE,TRUE,,,,,FALSE,Trap N' Chill Sticker Sheet | Color Create Studio,,draft
trap-n-chill-mystery-sticker-pack,Trap N' Chill Mystery Sticker Pack,"<p>A Trap N' Chill mystery sticker pack to add to your self-care lineup - good vibes, bold design.</p>",Trap N' Chill,,Print + Ship Product,"trap n chill, adult, mystery sticker, Trap N' Chill Adult Collection, Print + Ship Product",FALSE,Type,Standard,,,,,TRAPNCHILLMYST-01,50,,,continue,manual,12.00,,TRUE,TRUE,,,,,FALSE,Trap N' Chill Mystery Sticker Pack | Color Create Studio,,draft
trap-n-chill-affirmation-cards,Trap N' Chill Affirmation Cards,"<p>A Trap N' Chill affirmation pack to add to your self-care lineup - good vibes, bold design.</p>",Trap N' Chill,,Print + Ship Product,"trap n chill, adult, affirmation, Trap N' Chill Adult Collection, Print + Ship Product",FALSE,Type,Standard,,,,,TRAPNCHILLAFFI-01,120,,,continue,manual,18.00,,TRUE,TRUE,,,,,FALSE,Trap N' Chill Affirmation Cards | Color Create Studio,,draft
trap-n-chill-printable-ritual-pack,Trap N' Chill Printable Ritual Pack,"<p>A Trap N' Chill ritual pack to add to your self-care lineup - good vibes, bold design.</p>",Trap N' Chill,,Digital Download,"trap n chill, adult, ritual, Trap N' Chill Adult Collection, Digital Download",FALSE,Type,Standard,,,,,TRAPNCHILLPRIN-01,0,,,continue,manual,14.00,,FALSE,TRUE,,,,,FALSE,Trap N' Chill Printable Ritual Pack | Color Create Studio,,draft
trap-n-chill-girls-night-bundle,Trap N' Chill Girls Night In Bundle,"<p>The Trap N' Chill girls night bundle - everything you need to relax, create, and treat yourself, all in one.</p>",Trap N' Chill,,Bundle,"trap n chill, adult, bundle, girls night, Trap N' Chill Adult Collection, Bundle",FALSE,Bundle,Full Set,,,,,TRAPNCHILLGIRL-01,400,,,continue,manual,55.00,,TRUE,TRUE,,,,,FALSE,Trap N' Chill Girls Night In Bundle | Color Create Studio,,draft
trap-n-chill-baddie-bundle,Trap N' Chill Baddie Bundle,"<p>The Trap N' Chill baddie bundle - everything you need to relax, create, and treat yourself, all in one.</p>",Trap N' Chill,,Bundle,"trap n chill, adult, bundle, baddie, Trap N' Chill Adult Collection, Bundle",FALSE,Bundle,Full Set,,,,,TRAPNCHILLBADD-01,400,,,continue,manual,55.00,,TRUE,TRUE,,,,,FALSE,Trap N' Chill Baddie Bundle | Color Create Studio,,draft
trap-n-chill-self-care-bundle,Trap N' Chill Self-Care Bundle,"<p>The Trap N' Chill self-care bundle - everything you need to relax, create, and treat yourself, all in one.</p>",Trap N' Chill,,Bundle,"trap n chill, adult, bundle, self-care, Trap N' Chill Adult Collection, Bundle",FALSE,Bundle,Full Set,,,,,TRAPNCHILLSELF-01,400,,,continue,manual,49.00,,TRUE,TRUE,,,,,FALSE,Trap N' Chill Self-Care Bundle | Color Create Studio,,draft
trap-n-chill-coloring-party-pack,Trap N' Chill Coloring Party Pack,"<p>The Trap N' Chill coloring party bundle - everything you need to relax, create, and treat yourself, all in one.</p>",Trap N' Chill,,Bundle,"trap n chill, adult, bundle, coloring party, Trap N' Chill Adult Collection, Bundle",FALSE,Bundle,Full Set,,,,,TRAPNCHILLCOLO-01X,400,,,continue,manual,65.00,,TRUE,TRUE,,,,,FALSE,Trap N' Chill Coloring Party Pack | Color Create Studio,,draft
trap-n-chill-digital-starter-pack,Trap N' Chill Digital Starter Pack,"<p>The Trap N' Chill digital starter bundle - everything you need to relax, create, and treat yourself, all in one.</p>",Trap N' Chill,,Bundle,"trap n chill, adult, bundle, digital starter, Trap N' Chill Adult Collection, Bundle",FALSE,Bundle,Full Set,,,,,TRAPNCHILLDIGI-01,0,,,continue,manual,29.00,,FALSE,TRUE,,,,,FALSE,Trap N' Chill Digital Starter Pack | Color Create Studio,,draft
trap-n-chill-premium-gift-bundle,Trap N' Chill Premium Gift Bundle,"<p>The Trap N' Chill premium gift bundle - everything you need to relax, create, and treat yourself, all in one.</p>",Trap N' Chill,,Bundle,"trap n chill, adult, bundle, premium gift, Trap N' Chill Adult Collection, Bundle",FALSE,Bundle,Full Set,,,,,TRAPNCHILLPREM-01,400,,,continue,manual,95.00,,TRUE,TRUE,,,,,FALSE,Trap N' Chill Premium Gift Bundle | Color Create Studio,,draft
dreamland-self-care-manifestation-book,Dreamland Self-Care & Manifestation Activity Book,"<p>Dream it, write it, color it into being - a self-care and manifestation activity book that turns intention into ritual.</p><p><em>Dreamy visuals to focus on, affirmations made to say aloud, pages you physically fill with your future.</em></p>",Dreamland,,Handmade Physical Product,"dreamland, manifestation, self-care, activity, Dreamland / Manifestation Collection, Handmade Physical Product",FALSE,Edition,Digital Download,Handedness,Standard,,,DREAMLANDSELFC-01,0,,,continue,manual,14.00,,FALSE,TRUE,,,,,FALSE,Dreamland Self-Care & Manifestation Activity Book | Color Create Studio,,draft
dreamland-self-care-manifestation-book,,,,,,,FALSE,Edition,Print + Ship,Handedness,Right-Handed,,,DREAMLANDSELFC-02,350,,,continue,manual,30.00,,TRUE,TRUE,,,,,FALSE,,,draft
dreamland-self-care-manifestation-book,,,,,,,FALSE,Edition,Print + Ship,Handedness,Left-Handed,,,DREAMLANDSELFC-03,350,,,continue,manual,30.00,,TRUE,TRUE,,,,,FALSE,,,draft
dreamland-self-care-manifestation-book,,,,,,,FALSE,Edition,Premium Handmade,Handedness,Right-Handed,,,DREAMLANDSELFC-04,450,,,continue,manual,52.00,,TRUE,TRUE,,,,,FALSE,,,draft
dreamland-self-care-manifestation-book,,,,,,,FALSE,Edition,Premium Handmade,Handedness,Left-Handed,,,DREAMLANDSELFC-05,450,,,continue,manual,52.00,,TRUE,TRUE,,,,,FALSE,,,draft
made-you-wish-manifestation-book,Made You Wish Manifestation Activity Book,"<p>A playful, powerful manifestation activity book that makes wishing on purpose a daily habit.</p>",Dreamland,,Handmade Physical Product,"dreamland, manifestation, activity, Dreamland / Manifestation Collection, Handmade Physical Product",FALSE,Edition,Digital Download,Handedness,Standard,,,MADEYOUWISHMAN-01,0,,,continue,manual,14.00,,FALSE,TRUE,,,,,FALSE,Made You Wish Manifestation Activity Book | Color Create Studio,,draft
made-you-wish-manifestation-book,,,,,,,FALSE,Edition,Print + Ship,Handedness,Right-Handed,,,MADEYOUWISHMAN-02,350,,,continue,manual,30.00,,TRUE,TRUE,,,,,FALSE,,,draft
made-you-wish-manifestation-book,,,,,,,FALSE,Edition,Print + Ship,Handedness,Left-Handed,,,MADEYOUWISHMAN-03,350,,,continue,manual,30.00,,TRUE,TRUE,,,,,FALSE,,,draft
made-you-wish-manifestation-book,,,,,,,FALSE,Edition,Premium Handmade,Handedness,Right-Handed,,,MADEYOUWISHMAN-04,450,,,continue,manual,52.00,,TRUE,TRUE,,,,,FALSE,,,draft
made-you-wish-manifestation-book,,,,,,,FALSE,Edition,Premium Handmade,Handedness,Left-Handed,,,MADEYOUWISHMAN-05,450,,,continue,manual,52.00,,TRUE,TRUE,,,,,FALSE,,,draft
be-you-creatively-journal,Be-You-Creatively Self-Care Discovery Journal,<p>A guided discovery journal that helps you reconnect with who you are through creativity and self-care.</p>,Dreamland,,Handmade Physical Product,"dreamland, journal, self-care, Dreamland / Manifestation Collection, Handmade Physical Product",FALSE,Edition,Digital Download,,,,,BEYOUCREATIVEL-01,0,,,continue,manual,14.00,,FALSE,TRUE,,,,,FALSE,Be-You-Creatively Self-Care Discovery Journal | Color Create Studio,,draft
be-you-creatively-journal,,,,,,,FALSE,Edition,Print + Ship,,,,,BEYOUCREATIVEL-02,350,,,continue,manual,30.00,,TRUE,TRUE,,,,,FALSE,,,draft
be-you-creatively-journal,,,,,,,FALSE,Edition,Premium Handmade,,,,,BEYOUCREATIVEL-03,450,,,continue,manual,52.00,,TRUE,TRUE,,,,,FALSE,,,draft
the-golden-loop-reflection-journal,The Golden Loop Reflection Journal,"<p>A reflection journal built on a simple golden loop - notice, reflect, grow - day after day.</p>",Dreamland,,Handmade Physical Product,"dreamland, journal, reflection, Dreamland / Manifestation Collection, Handmade Physical Product",FALSE,Edition,Digital Download,,,,,THEGOLDENLOOPR-01,0,,,continue,manual,14.00,,FALSE,TRUE,,,,,FALSE,The Golden Loop Reflection Journal | Color Create Studio,,draft
the-golden-loop-reflection-journal,,,,,,,FALSE,Edition,Print + Ship,,,,,THEGOLDENLOOPR-02,350,,,continue,manual,30.00,,TRUE,TRUE,,,,,FALSE,,,draft
the-golden-loop-reflection-journal,,,,,,,FALSE,Edition,Premium Handmade,,,,,THEGOLDENLOOPR-03,450,,,continue,manual,52.00,,TRUE,TRUE,,,,,FALSE,,,draft
dreamland-printable-pages,Dreamland Printable Pages,<p>A Dreamland printable to keep your manifestation practice flowing.</p>,Dreamland,,Digital Download,"dreamland, manifestation, printable, Dreamland / Manifestation Collection, Digital Download",FALSE,Type,Standard,,,,,DREAMLANDPRINT-01,0,,,continue,manual,12.00,,FALSE,TRUE,,,,,FALSE,Dreamland Printable Pages | Color Create Studio,,draft
dreamland-affirmation-cards,Dreamland Affirmation Cards,<p>A Dreamland affirmation to keep your manifestation practice flowing.</p>,Dreamland,,Print + Ship Product,"dreamland, manifestation, affirmation, Dreamland / Manifestation Collection, Print + Ship Product",FALSE,Type,Standard,,,,,DREAMLANDAFFIR-01,120,,,continue,manual,18.00,,TRUE,TRUE,,,,,FALSE,Dreamland Affirmation Cards | Color Create Studio,,draft
dreamland-soft-life-bingo,Dreamland Soft Life Bingo Printable,<p>A Dreamland bingo to keep your manifestation practice flowing.</p>,Dreamland,,Digital Download,"dreamland, manifestation, bingo, Dreamland / Manifestation Collection, Digital Download",FALSE,Type,Standard,,,,,DREAMLANDSOFTL-01,0,,,continue,manual,9.00,,FALSE,TRUE,,,,,FALSE,Dreamland Soft Life Bingo Printable | Color Create Studio,,draft
dreamland-self-care-worksheet-pack,Dreamland Self-Care Worksheet Pack,<p>A Dreamland worksheet to keep your manifestation practice flowing.</p>,Dreamland,,Digital Download,"dreamland, manifestation, worksheet, Dreamland / Manifestation Collection, Digital Download",FALSE,Type,Standard,,,,,DREAMLANDSELFC-01X,0,,,continue,manual,12.00,,FALSE,TRUE,,,,,FALSE,Dreamland Self-Care Worksheet Pack | Color Create Studio,,draft
dreamland-manifestation-activity-pack,Dreamland Manifestation Activity Pack,<p>A Dreamland activity to keep your manifestation practice flowing.</p>,Dreamland,,Digital Download,"dreamland, manifestation, activity, Dreamland / Manifestation Collection, Digital Download",FALSE,Type,Standard,,,,,DREAMLANDMANIF-01,0,,,continue,manual,14.00,,FALSE,TRUE,,,,,FALSE,Dreamland Manifestation Activity Pack | Color Create Studio,,draft
dreamland-sticker-sheet,Dreamland Sticker Sheet,<p>A Dreamland sticker to keep your manifestation practice flowing.</p>,Dreamland,,Print + Ship Product,"dreamland, manifestation, sticker, Dreamland / Manifestation Collection, Print + Ship Product",FALSE,Type,Standard,,,,,DREAMLANDSTICK-01,30,,,continue,manual,8.00,,TRUE,TRUE,,,,,FALSE,Dreamland Sticker Sheet | Color Create Studio,,draft
dreamland-gift-bundle,Dreamland Gift Bundle,"<p>The Dreamland gift bundle - a complete manifestation experience, beautifully boxed in value.</p>",Dreamland,,Bundle,"dreamland, bundle, gift, Dreamland / Manifestation Collection, Bundle",FALSE,Bundle,Full Set,,,,,DREAMLANDGIFTB-01,600,,,continue,manual,65.00,,TRUE,TRUE,,,,,FALSE,Dreamland Gift Bundle | Color Create Studio,,draft
dreamland-trilogy-bundle,Dreamland Trilogy Bundle,"<p>The Dreamland trilogy bundle - a complete manifestation experience, beautifully boxed in value.</p>",Dreamland,,Bundle,"dreamland, bundle, trilogy, Dreamland / Manifestation Collection, Bundle",FALSE,Bundle,Full Set,,,,,DREAMLANDTRILO-01,600,,,continue,manual,95.00,,TRUE,TRUE,,,,,FALSE,Dreamland Trilogy Bundle | Color Create Studio,,draft
dreamland-manifestation-bundle,Dreamland Manifestation Bundle,"<p>The Dreamland manifestation bundle - a complete manifestation experience, beautifully boxed in value.</p>",Dreamland,,Bundle,"dreamland, bundle, manifestation, Dreamland / Manifestation Collection, Bundle",FALSE,Bundle,Full Set,,,,,DREAMLANDMANIF-01X,600,,,continue,manual,75.00,,TRUE,TRUE,,,,,FALSE,Dreamland Manifestation Bundle | Color Create Studio,,draft
she-is-me-i-am-her-journal,"She Is Me, I Am Her Journal","<p>A guided identity journal that turns daily pages into real change - prompts that push, space that frees.</p><p><em>A cover you're proud to display, prompts that sound like a coach, pages you fill in your own hand.</em></p>",Color Create Studio,,Handmade Physical Product,"journal, self-development, identity, Journals & Workbooks, Handmade Physical Product",FALSE,Edition,Digital Download,,,,,SHEISMEIAMHERJ-01,0,,,continue,manual,12.00,,FALSE,TRUE,,,,,FALSE,"She Is Me, I Am Her Journal | Color Create Studio",,draft
she-is-me-i-am-her-journal,,,,,,,FALSE,Edition,Print + Ship,,,,,SHEISMEIAMHERJ-02,350,,,continue,manual,28.00,,TRUE,TRUE,,,,,FALSE,,,draft
she-is-me-i-am-her-journal,,,,,,,FALSE,Edition,Premium Handmade,,,,,SHEISMEIAMHERJ-03,450,,,continue,manual,45.00,,TRUE,TRUE,,,,,FALSE,,,draft
30-day-self-trust-journal,30-Day Self-Trust Journal,"<p>A guided self-trust journal that turns daily pages into real change - prompts that push, space that frees.</p><p><em>A cover you're proud to display, prompts that sound like a coach, pages you fill in your own hand.</em></p>",Color Create Studio,,Handmade Physical Product,"journal, self-development, self-trust, Journals & Workbooks, Handmade Physical Product",FALSE,Edition,Digital Download,,,,,30DAYSELFTRUST-01,0,,,continue,manual,12.00,,FALSE,TRUE,,,,,FALSE,30-Day Self-Trust Journal | Color Create Studio,,draft
30-day-self-trust-journal,,,,,,,FALSE,Edition,Print + Ship,,,,,30DAYSELFTRUST-02,350,,,continue,manual,28.00,,TRUE,TRUE,,,,,FALSE,,,draft
30-day-self-trust-journal,,,,,,,FALSE,Edition,Premium Handmade,,,,,30DAYSELFTRUST-03,450,,,continue,manual,45.00,,TRUE,TRUE,,,,,FALSE,,,draft
30-day-manifestation-journal,30-Day Manifestation Journal,"<p>A guided manifestation journal that turns daily pages into real change - prompts that push, space that frees.</p><p><em>A cover you're proud to display, prompts that sound like a coach, pages you fill in your own hand.</em></p>",Color Create Studio,,Handmade Physical Product,"journal, self-development, manifestation, Journals & Workbooks, Handmade Physical Product",FALSE,Edition,Digital Download,,,,,30DAYMANIFESTA-01,0,,,continue,manual,12.00,,FALSE,TRUE,,,,,FALSE,30-Day Manifestation Journal | Color Create Studio,,draft
30-day-manifestation-journal,,,,,,,FALSE,Edition,Print + Ship,,,,,30DAYMANIFESTA-02,350,,,continue,manual,28.00,,TRUE,TRUE,,,,,FALSE,,,draft
30-day-manifestation-journal,,,,,,,FALSE,Edition,Premium Handmade,,,,,30DAYMANIFESTA-03,450,,,continue,manual,45.00,,TRUE,TRUE,,,,,FALSE,,,draft
self-worth-journal,Self-Worth Journal,"<p>A guided self-worth journal that turns daily pages into real change - prompts that push, space that frees.</p><p><em>A cover you're proud to display, prompts that sound like a coach, pages you fill in your own hand.</em></p>",Color Create Studio,,Handmade Physical Product,"journal, self-development, self-worth, Journals & Workbooks, Handmade Physical Product",FALSE,Edition,Digital Download,,,,,SELFWORTHJOURN-01,0,,,continue,manual,12.00,,FALSE,TRUE,,,,,FALSE,Self-Worth Journal | Color Create Studio,,draft
self-worth-journal,,,,,,,FALSE,Edition,Print + Ship,,,,,SELFWORTHJOURN-02,350,,,continue,manual,28.00,,TRUE,TRUE,,,,,FALSE,,,draft
self-worth-journal,,,,,,,FALSE,Edition,Premium Handmade,,,,,SELFWORTHJOURN-03,450,,,continue,manual,45.00,,TRUE,TRUE,,,,,FALSE,,,draft
confidence-journal,Confidence Journal,"<p>A guided confidence journal that turns daily pages into real change - prompts that push, space that frees.</p><p><em>A cover you're proud to display, prompts that sound like a coach, pages you fill in your own hand.</em></p>",Color Create Studio,,Handmade Physical Product,"journal, self-development, confidence, Journals & Workbooks, Handmade Physical Product",FALSE,Edition,Digital Download,,,,,CONFIDENCEJOUR-01,0,,,continue,manual,12.00,,FALSE,TRUE,,,,,FALSE,Confidence Journal | Color Create Studio,,draft
confidence-journal,,,,,,,FALSE,Edition,Print + Ship,,,,,CONFIDENCEJOUR-02,350,,,continue,manual,28.00,,TRUE,TRUE,,,,,FALSE,,,draft
confidence-journal,,,,,,,FALSE,Edition,Premium Handmade,,,,,CONFIDENCEJOUR-03,450,,,continue,manual,45.00,,TRUE,TRUE,,,,,FALSE,,,draft
money-mindset-journal,Money Mindset Journal,"<p>A guided money mindset journal that turns daily pages into real change - prompts that push, space that frees.</p><p><em>A cover you're proud to display, prompts that sound like a coach, pages you fill in your own hand.</em></p>",Color Create Studio,,Handmade Physical Product,"journal, self-development, money mindset, Journals & Workbooks, Handmade Physical Product",FALSE,Edition,Digital Download,,,,,MONEYMINDSETJO-01,0,,,continue,manual,12.00,,FALSE,TRUE,,,,,FALSE,Money Mindset Journal | Color Create Studio,,draft
money-mindset-journal,,,,,,,FALSE,Edition,Print + Ship,,,,,MONEYMINDSETJO-02,350,,,continue,manual,28.00,,TRUE,TRUE,,,,,FALSE,,,draft
money-mindset-journal,,,,,,,FALSE,Edition,Premium Handmade,,,,,MONEYMINDSETJO-03,450,,,continue,manual,45.00,,TRUE,TRUE,,,,,FALSE,,,draft
boundary-era-journal,Boundary Era Journal,"<p>A guided boundaries journal that turns daily pages into real change - prompts that push, space that frees.</p><p><em>A cover you're proud to display, prompts that sound like a coach, pages you fill in your own hand.</em></p>",Color Create Studio,,Handmade Physical Product,"journal, self-development, boundaries, Journals & Workbooks, Handmade Physical Product",FALSE,Edition,Digital Download,,,,,BOUNDARYERAJOU-01,0,,,continue,manual,12.00,,FALSE,TRUE,,,,,FALSE,Boundary Era Journal | Color Create Studio,,draft
boundary-era-journal,,,,,,,FALSE,Edition,Print + Ship,,,,,BOUNDARYERAJOU-02,350,,,continue,manual,28.00,,TRUE,TRUE,,,,,FALSE,,,draft
boundary-era-journal,,,,,,,FALSE,Edition,Premium Handmade,,,,,BOUNDARYERAJOU-03,450,,,continue,manual,45.00,,TRUE,TRUE,,,,,FALSE,,,draft
main-character-money-journal,Main Character Money Journal,"<p>A guided money journal that turns daily pages into real change - prompts that push, space that frees.</p><p><em>A cover you're proud to display, prompts that sound like a coach, pages you fill in your own hand.</em></p>",Color Create Studio,,Handmade Physical Product,"journal, self-development, money, Journals & Workbooks, Handmade Physical Product",FALSE,Edition,Digital Download,,,,,MAINCHARACTERM-01,0,,,continue,manual,12.00,,FALSE,TRUE,,,,,FALSE,Main Character Money Journal | Color Create Studio,,draft
main-character-money-journal,,,,,,,FALSE,Edition,Print + Ship,,,,,MAINCHARACTERM-02,350,,,continue,manual,28.00,,TRUE,TRUE,,,,,FALSE,,,draft
main-character-money-journal,,,,,,,FALSE,Edition,Premium Handmade,,,,,MAINCHARACTERM-03,450,,,continue,manual,45.00,,TRUE,TRUE,,,,,FALSE,,,draft
emergency-mindset-reset-pages,Emergency Mindset Reset Pages,"<p>A printable reset pack you can use again and again - instant download, lifetime use.</p>",Color Create Studio,,Digital Download,"journal, printable, reset, Journals & Workbooks, Digital Download",FALSE,Delivery,Digital Download,,,,,EMERGENCYMINDS-01,0,,,continue,manual,9.00,,FALSE,TRUE,,,,,FALSE,Emergency Mindset Reset Pages | Color Create Studio,,draft
alter-ego-file-printable,Alter Ego File Printable,"<p>A printable alter ego pack you can use again and again - instant download, lifetime use.</p>",Color Create Studio,,Digital Download,"journal, printable, alter ego, Journals & Workbooks, Digital Download",FALSE,Delivery,Digital Download,,,,,ALTEREGOFILEPR-01,0,,,continue,manual,9.00,,FALSE,TRUE,,,,,FALSE,Alter Ego File Printable | Color Create Studio,,draft
3-daily-wins-printable,3 Daily Wins Printable,"<p>A printable daily wins pack you can use again and again - instant download, lifetime use.</p>",Color Create Studio,,Digital Download,"journal, printable, daily wins, Journals & Workbooks, Digital Download",FALSE,Delivery,Digital Download,,,,,3DAILYWINSPRIN-01,0,,,continue,manual,7.00,,FALSE,TRUE,,,,,FALSE,3 Daily Wins Printable | Color Create Studio,,draft
weekly-self-care-reflection-pages,Weekly Self-Care Reflection Pages,"<p>A printable reflection pack you can use again and again - instant download, lifetime use.</p>",Color Create Studio,,Digital Download,"journal, printable, reflection, Journals & Workbooks, Digital Download",FALSE,Delivery,Digital Download,,,,,WEEKLYSELFCARE-01,0,,,continue,manual,9.00,,FALSE,TRUE,,,,,FALSE,Weekly Self-Care Reflection Pages | Color Create Studio,,draft
printable-journal-page-pack,Printable Journal Page Pack,"<p>A printable journal pack pack you can use again and again - instant download, lifetime use.</p>",Color Create Studio,,Digital Download,"journal, printable, journal pack, Journals & Workbooks, Digital Download",FALSE,Delivery,Digital Download,,,,,PRINTABLEJOURN-01,0,,,continue,manual,12.00,,FALSE,TRUE,,,,,FALSE,Printable Journal Page Pack | Color Create Studio,,draft
custom-guided-journal-design,Custom Guided Journal Design,"<p>A done-for-you custom guided journal - designed around your brand, voice, and method.</p>",Color Create Studio,,Custom Design Service,"journal, custom, guided journal, Journals & Workbooks, Custom Design Service",FALSE,Service,Custom Project,,,,,CUSTOMGUIDEDJO-01,0,,,continue,manual,425.00,,FALSE,TRUE,,,,,FALSE,Custom Guided Journal Design | Color Create Studio,,draft
custom-workbook-design,Custom Workbook Design,"<p>A done-for-you custom workbook - designed around your brand, voice, and method.</p>",Color Create Studio,,Custom Design Service,"journal, custom, workbook, Journals & Workbooks, Custom Design Service",FALSE,Service,Custom Project,,,,,CUSTOMWORKBOOK-01,0,,,continue,manual,450.00,,FALSE,TRUE,,,,,FALSE,Custom Workbook Design | Color Create Studio,,draft
custom-journal-template,Custom Journal Template,"<p>A done-for-you custom template - designed around your brand, voice, and method.</p>",Color Create Studio,,Custom Design Service,"journal, custom, template, Journals & Workbooks, Custom Design Service",FALSE,Service,Custom Project,,,,,CUSTOMJOURNALT-01,0,,,continue,manual,59.00,,FALSE,TRUE,,,,,FALSE,Custom Journal Template | Color Create Studio,,draft
custom-sticker-design,Custom Sticker Design,"<p>A custom sticker designed to your theme and printed how you want it - digital file, print-ready, or peel-and-stick shipped to you.</p><p><em>Colors that pop on any surface, a design people point out, a finish you can feel.</em></p>",Color Create Studio,,Custom Design Service,"sticker, custom sticker, custom, Stickers, Custom Design Service",FALSE,Delivery,Digital File,,,,,CUSTOMSTICKERD-01,0,,,continue,manual,14.00,,FALSE,TRUE,,,,,FALSE,Custom Sticker Design | Color Create Studio,,draft
custom-sticker-design,,,,,,,FALSE,Delivery,Print-Ready File,,,,,CUSTOMSTICKERD-02,0,,,continue,manual,22.00,,FALSE,TRUE,,,,,FALSE,,,draft
custom-sticker-design,,,,,,,FALSE,Delivery,Print + Ship,,,,,CUSTOMSTICKERD-03,60,,,continue,manual,34.00,,TRUE,TRUE,,,,,FALSE,,,draft
custom-name-sticker-sheet,Custom Name Sticker Sheet,"<p>A name sticker designed to your theme and printed how you want it - digital file, print-ready, or peel-and-stick shipped to you.</p><p><em>Colors that pop on any surface, a design people point out, a finish you can feel.</em></p>",Color Create Studio,,Custom Design Service,"sticker, name sticker, custom, Stickers, Custom Design Service",FALSE,Delivery,Digital File,,,,,CUSTOMNAMESTIC-01,0,,,continue,manual,14.00,,FALSE,TRUE,,,,,FALSE,Custom Name Sticker Sheet | Color Create Studio,,draft
custom-name-sticker-sheet,,,,,,,FALSE,Delivery,Print-Ready File,,,,,CUSTOMNAMESTIC-02,0,,,continue,manual,22.00,,FALSE,TRUE,,,,,FALSE,,,draft
custom-name-sticker-sheet,,,,,,,FALSE,Delivery,Print + Ship,,,,,CUSTOMNAMESTIC-03,60,,,continue,manual,34.00,,TRUE,TRUE,,,,,FALSE,,,draft
custom-party-sticker-labels,Custom Party Sticker Labels,"<p>A party sticker designed to your theme and printed how you want it - digital file, print-ready, or peel-and-stick shipped to you.</p><p><em>Colors that pop on any surface, a design people point out, a finish you can feel.</em></p>",Color Create Studio,,Custom Design Service,"sticker, party sticker, custom, Stickers, Custom Design Service",FALSE,Delivery,Digital File,,,,,CUSTOMPARTYSTI-01,0,,,continue,manual,14.00,,FALSE,TRUE,,,,,FALSE,Custom Party Sticker Labels | Color Create Studio,,draft
custom-party-sticker-labels,,,,,,,FALSE,Delivery,Print-Ready File,,,,,CUSTOMPARTYSTI-02,0,,,continue,manual,22.00,,FALSE,TRUE,,,,,FALSE,,,draft
custom-party-sticker-labels,,,,,,,FALSE,Delivery,Print + Ship,,,,,CUSTOMPARTYSTI-03,60,,,continue,manual,34.00,,TRUE,TRUE,,,,,FALSE,,,draft
custom-business-sticker-labels,Custom Business Sticker Labels,"<p>A business sticker designed to your theme and printed how you want it - digital file, print-ready, or peel-and-stick shipped to you.</p><p><em>Colors that pop on any surface, a design people point out, a finish you can feel.</em></p>",Color Create Studio,,Custom Design Service,"sticker, business sticker, custom, Stickers, Custom Design Service",FALSE,Delivery,Digital File,,,,,CUSTOMBUSINESS-01XXXXX,0,,,continue,manual,14.00,,FALSE,TRUE,,,,,FALSE,Custom Business Sticker Labels | Color Create Studio,,draft
custom-business-sticker-labels,,,,,,,FALSE,Delivery,Print-Ready File,,,,,CUSTOMBUSINESS-02XXXXX,0,,,continue,manual,22.00,,FALSE,TRUE,,,,,FALSE,,,draft
custom-business-sticker-labels,,,,,,,FALSE,Delivery,Print + Ship,,,,,CUSTOMBUSINESS-03XXXX,60,,,continue,manual,34.00,,TRUE,TRUE,,,,,FALSE,,,draft
custom-product-label-stickers,Custom Product Label Stickers,"<p>A product label designed to your theme and printed how you want it - digital file, print-ready, or peel-and-stick shipped to you.</p><p><em>Colors that pop on any surface, a design people point out, a finish you can feel.</em></p>",Color Create Studio,,Custom Design Service,"sticker, product label, custom, Stickers, Custom Design Service",FALSE,Delivery,Digital File,,,,,CUSTOMPRODUCTL-01X,0,,,continue,manual,14.00,,FALSE,TRUE,,,,,FALSE,Custom Product Label Stickers | Color Create Studio,,draft
custom-product-label-stickers,,,,,,,FALSE,Delivery,Print-Ready File,,,,,CUSTOMPRODUCTL-02X,0,,,continue,manual,22.00,,FALSE,TRUE,,,,,FALSE,,,draft
custom-product-label-stickers,,,,,,,FALSE,Delivery,Print + Ship,,,,,CUSTOMPRODUCTL-03X,60,,,continue,manual,34.00,,TRUE,TRUE,,,,,FALSE,,,draft
waterproof-vinyl-stickers,Waterproof Vinyl Stickers,"<p>A waterproof vinyl sticker sheet built to stick, shine, and show off your style.</p>",Color Create Studio,,Print + Ship Product,"sticker, waterproof vinyl, Stickers, Print + Ship Product",FALSE,Type,Standard,,,,,WATERPROOFVINY-01,40,,,continue,manual,12.00,,TRUE,TRUE,,,,,FALSE,Waterproof Vinyl Stickers | Color Create Studio,,draft
holographic-sticker-sheet,Holographic Sticker Sheet,"<p>A holographic sticker sheet built to stick, shine, and show off your style.</p>",Color Create Studio,,Print + Ship Product,"sticker, holographic, Stickers, Print + Ship Product",FALSE,Type,Standard,,,,,HOLOGRAPHICSTI-01,40,,,continue,manual,14.00,,TRUE,TRUE,,,,,FALSE,Holographic Sticker Sheet | Color Create Studio,,draft
mystery-sticker-pack,Mystery Sticker Pack,"<p>A mystery sticker sheet built to stick, shine, and show off your style.</p>",Color Create Studio,,Print + Ship Product,"sticker, mystery, Stickers, Print + Ship Product",FALSE,Type,Standard,,,,,MYSTERYSTICKER-01,50,,,continue,manual,12.00,,TRUE,TRUE,,,,,FALSE,Mystery Sticker Pack | Color Create Studio,,draft
nova-lai-sticker-sheet,Nova Lai Sticker Sheet,"<p>A nova lai sticker sheet built to stick, shine, and show off your style.</p>",Color Create Studio,,Print + Ship Product,"sticker, nova lai, Stickers, Print + Ship Product",FALSE,Type,Standard,,,,,NOVALAISTICKER-01,30,,,continue,manual,8.00,,TRUE,TRUE,,,,,FALSE,Nova Lai Sticker Sheet | Color Create Studio,,draft
zaza-dollz-sticker-sheet,ZaZa Dollz Sticker Sheet,"<p>A zaza dollz sticker sheet built to stick, shine, and show off your style.</p>",Color Create Studio,,Print + Ship Product,"sticker, zaza dollz, Stickers, Print + Ship Product",FALSE,Type,Standard,,,,,ZAZADOLLZSTICK-01,30,,,continue,manual,9.00,,TRUE,TRUE,,,,,FALSE,ZaZa Dollz Sticker Sheet | Color Create Studio,,draft
printable-sticker-sheet,Printable Sticker Sheet,"<p>A printable sticker sheet built to stick, shine, and show off your style.</p>",Color Create Studio,,Digital Download,"sticker, printable, Stickers, Digital Download",FALSE,Type,Standard,,,,,PRINTABLESTICK-01,0,,,continue,manual,6.00,,FALSE,TRUE,,,,,FALSE,Printable Sticker Sheet | Color Create Studio,,draft
bundle-add-on-sticker-pack,Bundle Add-On Sticker Pack,<p>Add a coordinating sticker pack to any order at a bundle-friendly price.</p>,Color Create Studio,,Add-On,"sticker, add-on, bundle, Stickers, Add-On",FALSE,Add-On,Sticker Pack,,,,,BUNDLEADDONSTI-01,30,,,continue,manual,7.00,,TRUE,TRUE,,,,,FALSE,Bundle Add-On Sticker Pack | Color Create Studio,,draft
kids-creative-bundle,Kids Creative Bundle,"<p>The kids creative bundle - more value, one cohesive look, everything that goes together in a single offer.</p>",Nova Lai,,Bundle,"bundle, kids creative, Bundles, Bundle",FALSE,Bundle,Full Set,,,,,KIDSCREATIVEBU-01,500,,,continue,manual,45.00,,TRUE,TRUE,,,,,FALSE,Kids Creative Bundle | Color Create Studio,,draft
nova-lai-birthday-bundle,Nova Lai Birthday Bundle,"<p>The nova lai birthday bundle - more value, one cohesive look, everything that goes together in a single offer.</p>",Nova Lai,,Bundle,"bundle, nova lai birthday, Bundles, Bundle",FALSE,Bundle,Full Set,,,,,NOVALAIBIRTHDA-01,500,,,continue,manual,39.00,,TRUE,TRUE,,,,,FALSE,Nova Lai Birthday Bundle | Color Create Studio,,draft
nova-lai-screen-free-bundle,Nova Lai Screen-Free Activity Bundle,"<p>The screen-free bundle - more value, one cohesive look, everything that goes together in a single offer.</p>",Nova Lai,,Bundle,"bundle, screen-free, Bundles, Bundle",FALSE,Bundle,Full Set,,,,,NOVALAISCREENF-01,500,,,continue,manual,35.00,,TRUE,TRUE,,,,,FALSE,Nova Lai Screen-Free Activity Bundle | Color Create Studio,,draft
nova-lai-story-activity-bundle,Nova Lai Story + Activity Bundle,"<p>The story + activity bundle - more value, one cohesive look, everything that goes together in a single offer.</p>",Nova Lai,,Bundle,"bundle, story + activity, Bundles, Bundle",FALSE,Bundle,Full Set,,,,,NOVALAISTORYAC-01,500,,,continue,manual,42.00,,TRUE,TRUE,,,,,FALSE,Nova Lai Story + Activity Bundle | Color Create Studio,,draft
nova-lai-coloring-sticker-bundle,Nova Lai Coloring + Sticker Bundle,"<p>The coloring + sticker bundle - more value, one cohesive look, everything that goes together in a single offer.</p>",Nova Lai,,Bundle,"bundle, coloring + sticker, Bundles, Bundle",FALSE,Bundle,Full Set,,,,,NOVALAICOLORIN-01,500,,,continue,manual,35.00,,TRUE,TRUE,,,,,FALSE,Nova Lai Coloring + Sticker Bundle | Color Create Studio,,draft
custom-party-bundle,Custom Party Bundle,"<p>The party bundle - more value, one cohesive look, everything that goes together in a single offer.</p>",Color Create Studio,,Bundle,"bundle, party, Bundles, Bundle",FALSE,Bundle,Full Set,,,,,CUSTOMPARTYBUN-01,500,,,continue,manual,95.00,,TRUE,TRUE,,,,,FALSE,Custom Party Bundle | Color Create Studio,,draft
custom-event-design-bundle,Custom Event Design Bundle,"<p>The event bundle - more value, one cohesive look, everything that goes together in a single offer.</p>",Color Create Studio,,Bundle,"bundle, event, Bundles, Bundle",FALSE,Bundle,Full Set,,,,,CUSTOMEVENTDES-01,500,,,continue,manual,120.00,,TRUE,TRUE,,,,,FALSE,Custom Event Design Bundle | Color Create Studio,,draft
custom-memorial-bundle,Custom Memorial Bundle,"<p>The memorial bundle - more value, one cohesive look, everything that goes together in a single offer.</p>",Color Create Studio,,Bundle,"bundle, memorial, Bundles, Bundle",FALSE,Bundle,Full Set,,,,,CUSTOMMEMORIAL-01XXX,500,,,continue,manual,110.00,,TRUE,TRUE,,,,,FALSE,Custom Memorial Bundle | Color Create Studio,,draft
business-starter-design-bundle,Business Starter Design Bundle,"<p>The business starter bundle - more value, one cohesive look, everything that goes together in a single offer.</p>",Color Create Studio,,Bundle,"bundle, business starter, Bundles, Bundle",FALSE,Bundle,Full Set,,,,,BUSINESSSTARTE-01,500,,,continue,manual,145.00,,TRUE,TRUE,,,,,FALSE,Business Starter Design Bundle | Color Create Studio,,draft
canva-template-bundle,Canva Template Bundle,"<p>The canva bundle - more value, one cohesive look, everything that goes together in a single offer.</p>",Color Create Studio,,Bundle,"bundle, canva, Bundles, Bundle",FALSE,Bundle,Full Set,,,,,CANVATEMPLATEB-01,0,,,continue,manual,49.00,,FALSE,TRUE,,,,,FALSE,Canva Template Bundle | Color Create Studio,,draft
digital-printable-bundle,Digital Printable Bundle,"<p>The digital printable bundle - more value, one cohesive look, everything that goes together in a single offer.</p>",Color Create Studio,,Bundle,"bundle, digital printable, Bundles, Bundle",FALSE,Bundle,Full Set,,,,,DIGITALPRINTAB-01X,0,,,continue,manual,39.00,,FALSE,TRUE,,,,,FALSE,Digital Printable Bundle | Color Create Studio,,draft
handmade-book-sticker-bundle,Handmade Book + Sticker Bundle,"<p>The book + sticker bundle - more value, one cohesive look, everything that goes together in a single offer.</p>",Color Create Studio,,Bundle,"bundle, book + sticker, Bundles, Bundle",FALSE,Bundle,Full Set,,,,,HANDMADEBOOKST-01,500,,,continue,manual,55.00,,TRUE,TRUE,,,,,FALSE,Handmade Book + Sticker Bundle | Color Create Studio,,draft
mystery-creative-bundle,Mystery Creative Bundle,"<p>The mystery bundle - more value, one cohesive look, everything that goes together in a single offer.</p>",Color Create Studio,,Bundle,"bundle, mystery, Bundles, Bundle",FALSE,Bundle,Full Set,,,,,MYSTERYCREATIV-01,500,,,continue,manual,35.00,,TRUE,TRUE,,,,,FALSE,Mystery Creative Bundle | Color Create Studio,,draft
custom-coloring-book-design,Custom Coloring Book Design,"<p>A done-for-you custom coloring book - from concept to print-ready files. You bring the idea; we build the product.</p><p><em>A finished product you can see, a process you're walked through, a deliverable you can hold and sell.</em></p>",Color Create Studio,,Custom Design Service,"custom, creation, service, coloring book, Custom Book & Product Creation Services, Custom Design Service",FALSE,Service,Custom Project,,,,,CUSTOMCOLORING-01,0,,,continue,manual,450.00,,FALSE,TRUE,,,,,FALSE,Custom Coloring Book Design | Color Create Studio,,draft
custom-kids-coloring-book-design,Custom Kids Coloring Book Design,"<p>A done-for-you custom kids coloring book - from concept to print-ready files. You bring the idea; we build the product.</p><p><em>A finished product you can see, a process you're walked through, a deliverable you can hold and sell.</em></p>",Color Create Studio,,Custom Design Service,"custom, creation, service, kids coloring book, Custom Book & Product Creation Services, Custom Design Service",FALSE,Service,Custom Project,,,,,CUSTOMKIDSCOLO-01X,0,,,continue,manual,450.00,,FALSE,TRUE,,,,,FALSE,Custom Kids Coloring Book Design | Color Create Studio,,draft
custom-adult-coloring-book-design,Custom Adult Coloring Book Design,"<p>A done-for-you custom adult coloring book - from concept to print-ready files. You bring the idea; we build the product.</p><p><em>A finished product you can see, a process you're walked through, a deliverable you can hold and sell.</em></p>",Color Create Studio,,Custom Design Service,"custom, creation, service, adult coloring book, Custom Book & Product Creation Services, Custom Design Service",FALSE,Service,Custom Project,,,,,CUSTOMADULTCOL-01,0,,,continue,manual,525.00,,FALSE,TRUE,,,,,FALSE,Custom Adult Coloring Book Design | Color Create Studio,,draft
custom-activity-book-design,Custom Activity Book Design,"<p>A done-for-you custom activity book - from concept to print-ready files. You bring the idea; we build the product.</p><p><em>A finished product you can see, a process you're walked through, a deliverable you can hold and sell.</em></p>",Color Create Studio,,Custom Design Service,"custom, creation, service, activity book, Custom Book & Product Creation Services, Custom Design Service",FALSE,Service,Custom Project,,,,,CUSTOMACTIVITY-01,0,,,continue,manual,525.00,,FALSE,TRUE,,,,,FALSE,Custom Activity Book Design | Color Create Studio,,draft
custom-journal-design-service,Custom Journal Design,"<p>A done-for-you custom journal - from concept to print-ready files. You bring the idea; we build the product.</p><p><em>A finished product you can see, a process you're walked through, a deliverable you can hold and sell.</em></p>",Color Create Studio,,Custom Design Service,"custom, creation, service, journal, Custom Book & Product Creation Services, Custom Design Service",FALSE,Service,Custom Project,,,,,CUSTOMJOURNALD-01,0,,,continue,manual,425.00,,FALSE,TRUE,,,,,FALSE,Custom Journal Design | Color Create Studio,,draft
custom-workbook-design-service,Custom Workbook Design,"<p>A done-for-you custom workbook - from concept to print-ready files. You bring the idea; we build the product.</p><p><em>A finished product you can see, a process you're walked through, a deliverable you can hold and sell.</em></p>",Color Create Studio,,Custom Design Service,"custom, creation, service, workbook, Custom Book & Product Creation Services, Custom Design Service",FALSE,Service,Custom Project,,,,,CUSTOMWORKBOOK-01X,0,,,continue,manual,450.00,,FALSE,TRUE,,,,,FALSE,Custom Workbook Design | Color Create Studio,,draft
custom-printable-pack-design,Custom Printable Pack Design,"<p>A done-for-you custom printable pack - from concept to print-ready files. You bring the idea; we build the product.</p><p><em>A finished product you can see, a process you're walked through, a deliverable you can hold and sell.</em></p>",Color Create Studio,,Custom Design Service,"custom, creation, service, printable pack, Custom Book & Product Creation Services, Custom Design Service",FALSE,Service,Custom Project,,,,,CUSTOMPRINTABL-01X,0,,,continue,manual,195.00,,FALSE,TRUE,,,,,FALSE,Custom Printable Pack Design | Color Create Studio,,draft
custom-digital-product-design,Custom Digital Product Design,"<p>A done-for-you custom digital product - from concept to print-ready files. You bring the idea; we build the product.</p><p><em>A finished product you can see, a process you're walked through, a deliverable you can hold and sell.</em></p>",Color Create Studio,,Custom Design Service,"custom, creation, service, digital product, Custom Book & Product Creation Services, Custom Design Service",FALSE,Service,Custom Project,,,,,CUSTOMDIGITALP-01XX,0,,,continue,manual,245.00,,FALSE,TRUE,,,,,FALSE,Custom Digital Product Design | Color Create Studio,,draft
custom-book-cover-design,Custom Book Cover Design,"<p>A done-for-you custom book cover - from concept to print-ready files. You bring the idea; we build the product.</p><p><em>A finished product you can see, a process you're walked through, a deliverable you can hold and sell.</em></p>",Color Create Studio,,Custom Design Service,"custom, creation, service, book cover, Custom Book & Product Creation Services, Custom Design Service",FALSE,Service,Custom Project,,,,,CUSTOMBOOKCOVE-01,0,,,continue,manual,165.00,,FALSE,TRUE,,,,,FALSE,Custom Book Cover Design | Color Create Studio,,draft
custom-book-interior-layout,Custom Book Interior Layout,"<p>A done-for-you custom interior layout - from concept to print-ready files. You bring the idea; we build the product.</p><p><em>A finished product you can see, a process you're walked through, a deliverable you can hold and sell.</em></p>",Color Create Studio,,Custom Design Service,"custom, creation, service, interior layout, Custom Book & Product Creation Services, Custom Design Service",FALSE,Service,Custom Project,,,,,CUSTOMBOOKINTE-01,0,,,continue,manual,195.00,,FALSE,TRUE,,,,,FALSE,Custom Book Interior Layout | Color Create Studio,,draft
custom-book-mockup-design,Custom Book Mockup Design,"<p>A done-for-you custom mockup - from concept to print-ready files. You bring the idea; we build the product.</p><p><em>A finished product you can see, a process you're walked through, a deliverable you can hold and sell.</em></p>",Color Create Studio,,Custom Design Service,"custom, creation, service, mockup, Custom Book & Product Creation Services, Custom Design Service",FALSE,Service,Custom Project,,,,,CUSTOMBOOKMOCK-01,0,,,continue,manual,65.00,,FALSE,TRUE,,,,,FALSE,Custom Book Mockup Design | Color Create Studio,,draft
custom-canva-book-template,Custom Canva Book Template,"<p>A done-for-you custom canva book - from concept to print-ready files. You bring the idea; we build the product.</p><p><em>A finished product you can see, a process you're walked through, a deliverable you can hold and sell.</em></p>",Color Create Studio,,Custom Design Service,"custom, creation, service, canva book, Custom Book & Product Creation Services, Custom Design Service",FALSE,Service,Custom Project,,,,,CUSTOMCANVABOO-01,0,,,continue,manual,95.00,,FALSE,TRUE,,,,,FALSE,Custom Canva Book Template | Color Create Studio,,draft
custom-activity-page-design,Custom Activity Page Design,<p>A custom activity page designed to slot right into your book or product.</p>,Color Create Studio,,Custom Design Service,"custom, page, activity page, Custom Book & Product Creation Services, Custom Design Service",FALSE,Service,Single Page,,,,,CUSTOMACTIVITY-01X,0,,,continue,manual,18.00,,FALSE,TRUE,,,,,FALSE,Custom Activity Page Design | Color Create Studio,,draft
custom-word-search-page,Custom Word Search Page,<p>A custom word search designed to slot right into your book or product.</p>,Color Create Studio,,Custom Design Service,"custom, page, word search, Custom Book & Product Creation Services, Custom Design Service",FALSE,Service,Single Page,,,,,CUSTOMWORDSEAR-01,0,,,continue,manual,12.00,,FALSE,TRUE,,,,,FALSE,Custom Word Search Page | Color Create Studio,,draft
custom-crossword-page,Custom Crossword Page,<p>A custom crossword designed to slot right into your book or product.</p>,Color Create Studio,,Custom Design Service,"custom, page, crossword, Custom Book & Product Creation Services, Custom Design Service",FALSE,Service,Single Page,,,,,CUSTOMCROSSWOR-01,0,,,continue,manual,12.00,,FALSE,TRUE,,,,,FALSE,Custom Crossword Page | Color Create Studio,,draft
custom-maze-page,Custom Maze Page,<p>A custom maze designed to slot right into your book or product.</p>,Color Create Studio,,Custom Design Service,"custom, page, maze, Custom Book & Product Creation Services, Custom Design Service",FALSE,Service,Single Page,,,,,CUSTOMMAZEPAGE-01,0,,,continue,manual,12.00,,FALSE,TRUE,,,,,FALSE,Custom Maze Page | Color Create Studio,,draft
custom-bingo-page,Custom Bingo Page,<p>A custom bingo designed to slot right into your book or product.</p>,Color Create Studio,,Custom Design Service,"custom, page, bingo, Custom Book & Product Creation Services, Custom Design Service",FALSE,Service,Single Page,,,,,CUSTOMBINGOPAG-01,0,,,continue,manual,12.00,,FALSE,TRUE,,,,,FALSE,Custom Bingo Page | Color Create Studio,,draft
custom-affirmation-card-design,Custom Affirmation Card Design,<p>A custom affirmation card designed to slot right into your book or product.</p>,Color Create Studio,,Custom Design Service,"custom, page, affirmation card, Custom Book & Product Creation Services, Custom Design Service",FALSE,Service,Single Page,,,,,CUSTOMAFFIRMAT-01,0,,,continue,manual,18.00,,FALSE,TRUE,,,,,FALSE,Custom Affirmation Card Design | Color Create Studio,,draft
custom-character-bio-page,Custom Character Bio Page,<p>A custom character bio designed to slot right into your book or product.</p>,Color Create Studio,,Custom Design Service,"custom, page, character bio, Custom Book & Product Creation Services, Custom Design Service",FALSE,Service,Single Page,,,,,CUSTOMCHARACTE-01,0,,,continue,manual,25.00,,FALSE,TRUE,,,,,FALSE,Custom Character Bio Page | Color Create Studio,,draft
book-design-consultation,Book Design Consultation,"<p>Map your entire book project in one focused session - scope, format, timeline, and budget, before you commit a dime to production.</p>",Color Create Studio,,Consultation,"consultation, book, strategy, Custom Book & Product Creation Services, Consultation",FALSE,Session,45 Minutes,,,,,BOOKDESIGNCONS-01,0,,,continue,manual,95.00,,FALSE,TRUE,,,,,FALSE,Book Design Consultation | Color Create Studio,,draft
rush-design-fee,Rush Design Fee,<p>Need it fast? Jump the queue and get your design prioritized.</p>,Color Create Studio,,Add-On,"add-on, design, Add-Ons, Add-On",FALSE,Add-On,Service,,,,,RUSHDESIGNFEE-01,0,,,continue,manual,25.00,,FALSE,TRUE,,,,,FALSE,Rush Design Fee | Color Create Studio,,draft
extra-revision,Extra Revision,<p>An additional round of revisions beyond your included edits.</p>,Color Create Studio,,Add-On,"add-on, design, Add-Ons, Add-On",FALSE,Add-On,Service,,,,,EXTRAREVISION-01,0,,,continue,manual,15.00,,FALSE,TRUE,,,,,FALSE,Extra Revision | Color Create Studio,,draft
additional-design-concept,Additional Design Concept,<p>A second original concept direction to choose from.</p>,Color Create Studio,,Add-On,"add-on, design, Add-Ons, Add-On",FALSE,Add-On,Service,,,,,ADDITIONALDESI-01,0,,,continue,manual,30.00,,FALSE,TRUE,,,,,FALSE,Additional Design Concept | Color Create Studio,,draft
canva-editable-link-add-on,Canva Editable Link Add-On,<p>Get an editable Canva link so you can tweak your design anytime.</p>,Color Create Studio,,Add-On,"add-on, design, Add-Ons, Add-On",FALSE,Add-On,Service,,,,,CANVAEDITABLEL-01,0,,,continue,manual,12.00,,FALSE,TRUE,,,,,FALSE,Canva Editable Link Add-On | Color Create Studio,,draft
extra-file-format-add-on,Extra File Format Add-On,"<p>Receive your design in an additional file format (PNG, PDF, SVG, etc.).</p>",Color Create Studio,,Add-On,"add-on, design, Add-Ons, Add-On",FALSE,Add-On,Service,,,,,EXTRAFILEFORMA-01,0,,,continue,manual,8.00,,FALSE,TRUE,,,,,FALSE,Extra File Format Add-On | Color Create Studio,,draft
commercial-use-license,Commercial Use License,<p>License your design for commercial use and resale.</p>,Color Create Studio,,Add-On,"add-on, design, Add-Ons, Add-On",FALSE,Add-On,Service,,,,,COMMERCIALUSEL-01,0,,,continue,manual,45.00,,FALSE,TRUE,,,,,FALSE,Commercial Use License | Color Create Studio,,draft
ownership-transfer-fee,Ownership Transfer Fee,<p>Full ownership transfer of the source files and rights.</p>,Color Create Studio,,Add-On,"add-on, design, Add-Ons, Add-On",FALSE,Add-On,Service,,,,,OWNERSHIPTRANS-01,0,,,continue,manual,75.00,,FALSE,TRUE,,,,,FALSE,Ownership Transfer Fee | Color Create Studio,,draft
custom-illustration-add-on,Custom Illustration Add-On,<p>Add a hand-crafted custom illustration to your design.</p>,Color Create Studio,,Add-On,"add-on, design, Add-Ons, Add-On",FALSE,Add-On,Service,,,,,CUSTOMILLUSTRA-01,0,,,continue,manual,35.00,,FALSE,TRUE,,,,,FALSE,Custom Illustration Add-On | Color Create Studio,,draft
custom-character-design-add-on,Custom Character Design Add-On,<p>Add an original custom character to your project.</p>,Color Create Studio,,Add-On,"add-on, design, Add-Ons, Add-On",FALSE,Add-On,Service,,,,,CUSTOMCHARACTE-01X,0,,,continue,manual,45.00,,FALSE,TRUE,,,,,FALSE,Custom Character Design Add-On | Color Create Studio,,draft
photo-cleanup-add-on,Photo Cleanup Add-On,"<p>Professional cleanup, retouch, and color-correction of your photo.</p>",Color Create Studio,,Add-On,"add-on, design, Add-Ons, Add-On",FALSE,Add-On,Service,,,,,PHOTOCLEANUPAD-01,0,,,continue,manual,15.00,,FALSE,TRUE,,,,,FALSE,Photo Cleanup Add-On | Color Create Studio,,draft
background-removal-add-on,Background Removal Add-On,<p>Clean background removal on your provided image.</p>,Color Create Studio,,Add-On,"add-on, design, Add-Ons, Add-On",FALSE,Add-On,Service,,,,,BACKGROUNDREMO-01,0,,,continue,manual,8.00,,FALSE,TRUE,,,,,FALSE,Background Removal Add-On | Color Create Studio,,draft
matching-social-graphic-add-on,Matching Social Media Graphic Add-On,<p>A matching social graphic to promote your design.</p>,Color Create Studio,,Add-On,"add-on, design, Add-Ons, Add-On",FALSE,Add-On,Service,,,,,MATCHINGSOCIAL-01,0,,,continue,manual,18.00,,FALSE,TRUE,,,,,FALSE,Matching Social Media Graphic Add-On | Color Create Studio,,draft
matching-thank-you-card-add-on,Matching Thank-You Card Add-On,<p>A coordinating thank-you card to complete the set.</p>,Color Create Studio,,Add-On,"add-on, design, Add-Ons, Add-On",FALSE,Add-On,Service,,,,,MATCHINGTHANKY-01,0,,,continue,manual,14.00,,FALSE,TRUE,,,,,FALSE,Matching Thank-You Card Add-On | Color Create Studio,,draft
matching-sticker-add-on,Matching Sticker Design Add-On,<p>A matching sticker design to round out your order.</p>,Color Create Studio,,Add-On,"add-on, design, Add-Ons, Add-On",FALSE,Add-On,Service,,,,,MATCHINGSTICKE-01,0,,,continue,manual,12.00,,FALSE,TRUE,,,,,FALSE,Matching Sticker Design Add-On | Color Create Studio,,draft
matching-party-favor-add-on,Matching Party Favor Design Add-On,<p>A matching favor design to extend your theme.</p>,Color Create Studio,,Add-On,"add-on, design, Add-Ons, Add-On",FALSE,Add-On,Service,,,,,MATCHINGPARTYF-01,0,,,continue,manual,16.00,,FALSE,TRUE,,,,,FALSE,Matching Party Favor Design Add-On | Color Create Studio,,draft
mockup-image-add-on,Mockup Image Add-On,<p>A realistic mockup image of your design in use.</p>,Color Create Studio,,Add-On,"add-on, design, Add-Ons, Add-On",FALSE,Add-On,Service,,,,,MOCKUPIMAGEADD-01,0,,,continue,manual,12.00,,FALSE,TRUE,,,,,FALSE,Mockup Image Add-On | Color Create Studio,,draft
print-upgrade,Print Upgrade,<p>Upgrade your order to higher-quality printing.</p>,Color Create Studio,,Add-On,"add-on, print, production, Add-Ons, Add-On",FALSE,Add-On,Upgrade,,,,,PRINTUPGRADE-01,20,,,continue,manual,8.00,,TRUE,TRUE,,,,,FALSE,Print Upgrade | Color Create Studio,,draft
premium-cardstock-upgrade,Premium Cardstock Upgrade,"<p>Thicker, premium cardstock for a luxe feel.</p>",Color Create Studio,,Add-On,"add-on, print, production, Add-Ons, Add-On",FALSE,Add-On,Upgrade,,,,,PREMIUMCARDSTO-01,20,,,continue,manual,6.00,,TRUE,TRUE,,,,,FALSE,Premium Cardstock Upgrade | Color Create Studio,,draft
matte-paper-upgrade,Matte Paper Upgrade,"<p>Smooth, glare-free matte finish.</p>",Color Create Studio,,Add-On,"add-on, print, production, Add-Ons, Add-On",FALSE,Add-On,Upgrade,,,,,MATTEPAPERUPGR-01,20,,,continue,manual,5.00,,TRUE,TRUE,,,,,FALSE,Matte Paper Upgrade | Color Create Studio,,draft
glossy-paper-upgrade,Glossy Paper Upgrade,"<p>Vibrant, high-shine glossy finish.</p>",Color Create Studio,,Add-On,"add-on, print, production, Add-Ons, Add-On",FALSE,Add-On,Upgrade,,,,,GLOSSYPAPERUPG-01,20,,,continue,manual,5.00,,TRUE,TRUE,,,,,FALSE,Glossy Paper Upgrade | Color Create Studio,,draft
sticker-paper-upgrade,Sticker Paper Upgrade,<p>Print your design on adhesive sticker paper.</p>,Color Create Studio,,Add-On,"add-on, print, production, Add-Ons, Add-On",FALSE,Add-On,Upgrade,,,,,STICKERPAPERUP-01,20,,,continue,manual,6.00,,TRUE,TRUE,,,,,FALSE,Sticker Paper Upgrade | Color Create Studio,,draft
waterproof-sticker-upgrade,Waterproof Sticker Paper Upgrade,"<p>Durable, waterproof sticker material.</p>",Color Create Studio,,Add-On,"add-on, print, production, Add-Ons, Add-On",FALSE,Add-On,Upgrade,,,,,WATERPROOFSTIC-01,20,,,continue,manual,8.00,,TRUE,TRUE,,,,,FALSE,Waterproof Sticker Paper Upgrade | Color Create Studio,,draft
holographic-sticker-upgrade,Holographic Sticker Upgrade,<p>Eye-catching holographic finish.</p>,Color Create Studio,,Add-On,"add-on, print, production, Add-Ons, Add-On",FALSE,Add-On,Upgrade,,,,,HOLOGRAPHICSTI-01X,20,,,continue,manual,9.00,,TRUE,TRUE,,,,,FALSE,Holographic Sticker Upgrade | Color Create Studio,,draft
lamination-add-on,Lamination Add-On,<p>Protective lamination for durability and shine.</p>,Color Create Studio,,Add-On,"add-on, print, production, Add-Ons, Add-On",FALSE,Add-On,Upgrade,,,,,LAMINATIONADDO-01,20,,,continue,manual,6.00,,TRUE,TRUE,,,,,FALSE,Lamination Add-On | Color Create Studio,,draft
cutting-add-on,Cutting Add-On,<p>Precision cutting so your prints arrive ready to use.</p>,Color Create Studio,,Add-On,"add-on, print, production, Add-Ons, Add-On",FALSE,Add-On,Upgrade,,,,,CUTTINGADDON-01,20,,,continue,manual,6.00,,TRUE,TRUE,,,,,FALSE,Cutting Add-On | Color Create Studio,,draft
assembly-add-on,Assembly Add-On,<p>We assemble your product so it arrives ready to go.</p>,Color Create Studio,,Add-On,"add-on, print, production, Add-Ons, Add-On",FALSE,Add-On,Upgrade,,,,,ASSEMBLYADDON-01,20,,,continue,manual,18.00,,TRUE,TRUE,,,,,FALSE,Assembly Add-On | Color Create Studio,,draft
gold-spiral-binding-add-on,Gold Spiral Binding Add-On,<p>Premium gold spiral binding for a standout finish.</p>,Color Create Studio,,Add-On,"add-on, print, production, Add-Ons, Add-On",FALSE,Add-On,Upgrade,,,,,GOLDSPIRALBIND-01,20,,,continue,manual,10.00,,TRUE,TRUE,,,,,FALSE,Gold Spiral Binding Add-On | Color Create Studio,,draft
book-binding-add-on,Book Binding Add-On,<p>Professional binding for your book or journal.</p>,Color Create Studio,,Add-On,"add-on, print, production, Add-Ons, Add-On",FALSE,Add-On,Upgrade,,,,,BOOKBINDINGADD-01,20,,,continue,manual,12.00,,TRUE,TRUE,,,,,FALSE,Book Binding Add-On | Color Create Studio,,draft
gift-packaging-add-on,Gift Packaging Add-On,<p>Gift-ready packaging so it arrives ready to give.</p>,Color Create Studio,,Add-On,"add-on, print, production, Add-Ons, Add-On",FALSE,Add-On,Upgrade,,,,,GIFTPACKAGINGA-01,20,,,continue,manual,10.00,,TRUE,TRUE,,,,,FALSE,Gift Packaging Add-On | Color Create Studio,,draft
shipping-upgrade,Shipping Upgrade,"<p>Faster, tracked, or priority shipping.</p>",Color Create Studio,,Add-On,"add-on, print, production, Add-Ons, Add-On",FALSE,Add-On,Upgrade,,,,,SHIPPINGUPGRAD-01,20,,,continue,manual,12.00,,TRUE,TRUE,,,,,FALSE,Shipping Upgrade | Color Create Studio,,draft
local-pickup-option,Local Pickup Option,<p>Skip shipping and pick up your order locally.</p>,Color Create Studio,,Add-On,"add-on, pickup, delivery, Add-Ons, Add-On",FALSE,Delivery,Local Pickup,,,,,LOCALPICKUPOPT-01,0,,,continue,manual,0.00,,FALSE,TRUE,,,,,FALSE,Local Pickup Option | Color Create Studio,,draft
